OBJ_UID,Clasificación ,Classification,Certidumbre,50%-Seg Opc,Cert_Flexible,Cert_Rigid,split
00a79159-71f4-48c0-a2e1-706bce28d3ea,Rígido Losa,R,100,,0,100,val
00d8a528-ee2f-404b-ac2f-4ff24e7636e4,Rígido Losa,R,75,,25,75,val
0aa99a52-555a-43d5-890d-98bb1cbae326,Rígido Plano,R,50,Flexible Tipología,50,50,test
0ae0664b-7316-4b85-9eda-2fdbc6a64de1,Flexible Tipología,F,75,,75,25,train
0b100a6c-6ce0-4f33-85cf-55f4f969fa98,Rígido Losa,R,75,,25,75,train
0b393cac-09a0-4de1-917a-951124e8976f,Rígido Losa,R,100,,0,100,train
0b627f10-e86a-4170-b8aa-e38eea0286db,Flexible Tipología,F,75,,75,25,train
0b92798f-e1b3-44cf-8f50-3e6fca8b9ea6,Rígido Losa,R,100,,0,100,train
0bd040d3-e46d-46d8-9c08-2ef4ef6f7a40,Rígido Losa,R,50,Flexible Tipología,50,50,train
0c7cfb10-b1ea-433b-8af9-4a2dcea46134,Flexible Tipología,F,100,,100,0,train
0c7f9d83-7473-44f4-91a0-77928628cbe8,Rígido Plano,R,75,,25,75,train
0c69230b-f0af-4f29-8e5b-8a42a0f38d3c,Flexible Tipología,F,75,,75,25,train
0c363098-4644-430f-96f7-a821f7110602,Rígido Plano,R,75,,25,75,train
0ca753b4-8fa5-4530-a47a-a481aa157483,Rígido Viga,R,50,Flexible Tipología,50,50,val
0d0a3eee-335a-46e0-ae54-77f83055d5ab,Flexible Tipología,F,75,,75,25,train
0d781fbe-c329-4456-95a7-5119b6df62b3,Flexible Tipología,F,100,,100,0,train
0db913fc-68a6-44e8-ab88-a76f841f91ae,Flexible Tipología,F,75,,75,25,train
0dd23bf3-30e8-4095-be1e-ff2df96ca463,Flexible Tipología,F,75,,75,25,train
0e1d24d8-f69d-4033-8e0a-4fd81db9caaf,Flexible Tipología,F,100,,100,0,train
0e086a61-5df2-47bf-a167-1924f7cc1577,Flexible Tipología,F,50,Rígido Viga,50,50,train
0e188393-397b-4af4-8a31-ab7db4333d47,Rígido Plano,R,50,Flexible Tipología,50,50,val
0ec50ac5-4ef8-45d9-bbd2-0a9a75bc0c7e,Flexible Muro,F,100,,100,0,val
0ee8dc9f-8042-40d7-8fec-aea2c0873834,Flexible Tipología,F,75,,75,25,train
0f2d84e4-ea40-4b4f-80e7-060c086d3107,Rígido Losa,R,100,,0,100,train
0f8ee7f5-1fdb-433f-9095-98a0e4886097,Rígido Plano,R,50,Flexible Tipología,50,50,train
0f440bd9-d29a-47f4-ab55-edcdc256d177,Flexible Tipología,F,75,,75,25,train
0f495c1e-0abb-4ca8-abd7-6c8007615567,Flexible Muro,F,100,,100,0,train
01a57732-f417-4691-92c3-8a5f71b263b6,Flexible Muro,F,75,,75,25,train
1a184611-a7ae-49b8-ba5a-c1c6666317e8,Flexible Tipología,F,75,,75,25,train
1b105444-3614-42c2-ba55-31372a0f5f3b,Rígido Losa,R,100,,0,100,train
1ba1ddb1-6303-4b1d-81a8-8637eabbee47,Rígido Plano,R,75,,25,75,train
1bc4745b-92f0-4124-9cd7-19a839b2288d,Rígido Plano,R,75,,25,75,train
1c1e1c61-c014-4be9-aa26-efc3c0fb7ad5,Rígido Plano,R,75,,25,75,train
1c550d94-58e6-4d28-8861-17f2a051cda5,Rígido Plano,R,75,,25,75,test
1d2a077b-7bf5-4b94-b207-6157a6dd7d51,Flexible Tipología,F,100,,100,0,train
1d972967-71c7-4a53-af0f-686127bdaa5b,Flexible Tipología,F,75,,75,25,test
1e88d378-07bd-43e6-897d-299b9eb327ec,Rígido Viga,R,50,Flexible Tipología,50,50,train
1e951f9b-68e3-43c4-800c-f3417ee58f97,Rígido Plano,R,75,,25,75,train
1eddf77c-17b6-4a60-86df-5a339f0d3e75,Flexible Tipología,F,75,,75,25,train
1faaec9a-4e99-4ae3-b885-04f527b244aa,Flexible Tipología,F,75,,75,25,train
002b20e2-9522-427e-9e31-fadc6885c5b5,Flexible Tipología,F,75,,75,25,val
002b0617-6994-4d3f-b46b-f98339cdd4ca,Flexible Muro,F,75,,75,25,val
02a9d260-6d29-4b61-89df-da235f4a8f87,Rígido Losa,R,100,,0,100,train
02bc2f74-0ac8-4a63-b3ce-e9401295eeed,Flexible Muro,F,100,,100,0,train
02bc4582-23c2-42dc-95ff-5c7096d84f3f,Rígido Plano,R,75,,25,75,train
02da8fbd-f13a-45df-aac1-386d5c553888,Rígido Plano,R,75,,25,75,test
02f1c57f-1ce2-42ad-9d20-11c9976126ed,Flexible Tipología,F,75,,75,25,test
2a1fc12b-bc32-4613-b434-62c107d60cb3,Rígido Losa,R,75,,25,75,train
2a9a8849-20a9-4233-9ca6-54f82629d1a6,Rígido Plano,R,100,,0,100,train
2a011dd1-57f2-4fcf-ace8-c27d0250a589,Rígido Plano,R,75,,25,75,train
2a76a739-0ac7-4ba2-99b7-3b459ea7e699,Rígido Plano,R,75,,25,75,test
2a633dad-0836-4c1c-8e15-794d1d4c623f,Flexible Tipología,F,75,,75,25,train
2ae397bc-347f-4249-8fb7-074c313a8c71,Rígido Losa,R,100,,0,100,test
2b0ed5fc-1d96-4b7e-94b8-f07462a00641,Flexible Tipología,F,100,,100,0,val
2b6d5117-6d6e-4aea-bbd7-94187b862cee,Rígido Losa,R,100,,0,100,val
2b677e0a-cce8-42de-8f72-caac0426e585,Rígido Plano,R,50,Flexible Tipología,50,50,test
2bc5b6bc-4f5c-4033-bc86-00e0a217cbd1,Rígido Losa,R,75,,25,75,train
2bd43a4e-e9eb-4102-8cbb-7c408c469aa1,Flexible Tipología,F,100,,100,0,train
2c0e82a6-01d5-4c3a-b5e1-5ead1d58be2b,Flexible Muro,F,100,,100,0,train
2c1fdeb4-3951-4a5d-9ebb-3115f7ccef8e,Rígido Viga,R,75,,25,75,train
2c04c504-8f40-4f22-8242-c32818d6b452,Flexible Tipología,F,100,,100,0,test
2caeb490-b4d7-4617-b5e6-32ffbc02c920,Rígido Losa,R,100,,0,100,train
2d59e57a-c0ff-4f1b-b462-6596881f21ea,Flexible Tipología,F,75,,75,25,train
2d60d5f8-9eb4-424e-8cde-9c9166e66743,Flexible Tipología,F,75,,75,25,test
2d125ac9-5e72-4f47-9f82-4c40d13b3507,Flexible Tipología,F,50,Rígido Viga,50,50,train
2dbe3eac-8d92-4b73-bc73-79430b830271,Rígido Losa,R,75,,25,75,train
2dee1b9e-96ea-40d0-8687-c878e2643de0,Rígido Losa,R,100,,0,100,val
2e0c816c-fff6-40d3-87a8-635f227f70d7,Flexible Tipología,F,75,,75,25,train
2ebf5e56-7837-4e45-a759-cc088fa53782,Flexible Tipología,F,75,,75,25,val
2ed7037c-0968-4941-9203-048786c3a865,Flexible Tipología,F,75,,75,25,train
2f1d7b21-f7c0-434b-9883-3737d8375df5,Flexible Muro,F,100,,100,0,test
2f06d6b1-9bac-4b4a-b73a-f54b3ffab82a,Flexible Tipología,F,75,,75,25,train
2fd7e6d8-5d82-4cb4-a7c6-8ef210182608,Flexible Tipología,F,75,,75,25,val
03f73d3d-2c42-4442-8f13-421a564c40ae,Flexible Tipología,F,75,,75,25,val
3b0a2a70-ac50-4648-a66f-326dd34f6e5e,Flexible Tipología,F,50,Rígido Losa,50,50,test
3b25d8bd-7cbb-4935-bb60-30870c4efd71,Flexible Tipología,F,50,Rígido Losa,50,50,train
3c7bcf71-9f2d-4cca-80be-7c9b656a0e6d,Rígido Plano,R,75,,25,75,val
3c35da05-d66d-4dae-8a33-2e8e71283c8c,Flexible Tipología,F,100,,100,0,train
3d1c06e2-cdaa-47c8-b3ad-ffc34e5fc0c4,Rígido Plano,R,75,,25,75,train
3de65535-8d55-4a4f-b8c3-1685268d4da9,Rígido Tipología,R,75,,25,75,train
3e4dd7c1-2ae0-4722-ac03-62fe5ffafbfd,Flexible Tipología,F,75,,75,25,train
3e8fc27c-0e80-427c-b534-a0b2833688e9,Flexible Tipología,F,75,,75,25,val
3e57cb37-3819-43cf-907d-353a9dde985a,Flexible Tipología,F,75,,75,25,test
3ed4c12b-dec2-4880-abc1-9ff5a7f10dc9,Flexible Muro,F,100,,100,0,test
3efe01a5-2072-4610-b276-2de9152f5457,Rígido Losa,R,100,,0,100,train
3f5a70c9-e55d-4ef1-9532-6a214cb341b2,Rígido Losa,R,50,Flexible Tipología,50,50,train
04a43097-c806-4a56-9580-61e502cc6fa1,Rígido Viga,R,75,,25,75,val
04af1564-3983-49e7-b54a-c360c1821003,Flexible Tipología,F,100,,100,0,val
04ca1e1c-ffd5-42ba-ad82-8181ed2f2856,Flexible Tipología,F,75,,75,25,train
04e7988c-c667-4b07-acf7-268ba4d76935,Rígido Plano,R,75,,25,75,train
4a88cbb4-f69e-4c73-9e2d-35b66216871d,Flexible Tipología,F,75,,75,25,val
4a38375f-44d7-418a-a0a6-29edaa16d92f,Flexible Tipología,F,75,,75,25,test
4b26f808-66ec-4c81-9932-c1e937fdb38e,Flexible Tipología,F,75,,75,25,train
4b78b514-d848-4327-a8be-12bedf667796,Rígido Losa,R,100,,0,100,train
4b891737-af8e-4335-b2ed-91524dd3e25f,Flexible Tipología,F,100,,100,0,train
4c8d543e-e875-4ebe-953c-a1b7a494bc4a,Flexible Tipología,F,75,,75,25,val
4cb7a3f5-60be-429f-95bb-305ab9c8691f,Rígido Plano,R,50,Flexible Tipología,50,50,train
4d521ac4-d5d5-4856-a4ae-2de82466d346,Flexible Tipología,F,50,Rígido Viga,50,50,train
4e5d2bbe-9474-43d0-b284-58a2bf1686d8,Flexible Tipología,F,100,,100,0,train
4e8380f2-8b94-4078-9797-88e61c04910e,Flexible Tipología,F,75,,75,25,test
4eb62ecb-004d-455a-b976-abad5a4a4298,Flexible Tipología,F,100,,100,0,train
4fdcd40e-223e-4add-8233-3f254804db18,Flexible Tipología,F,75,,75,25,test
5a97d992-f2ba-41cc-b416-8900a58ebde4,Flexible Tipología,F,75,,75,25,train
5a322f1d-e785-48bb-9bba-50c49346f8b0,Flexible Tipología,F,75,,75,25,train
5aa944b0-1ea2-43d8-9427-0f81ba786d0f,Flexible Muro,F,100,,100,0,val
5afc650d-4480-446f-9279-72b389c1957a,Rígido Losa,R,100,,0,100,test
5b0d5089-ab1f-4390-9d39-c533fff62eb0,Flexible Tipología,F,75,,75,25,train
5b07c348-ada2-4d97-90c4-4a2c1b795a0f,Flexible Tipología,F,75,,75,25,test
5b495bd7-e720-4743-b5d4-530e0428be5c,Flexible Tipología,F,100,,100,0,train
5bd699a5-e758-4865-94c7-4a29674d5df9,Flexible Tipología,F,75,,75,25,val
5c4e6372-775e-4a86-af53-64e178a5acfb,Rígido Losa,R,100,,0,100,train
5c8570ff-dd8b-4059-9318-2ec598f67c52,Rígido Losa,R,75,,25,75,train
5ce35960-0b32-425e-a01e-9c8bebe1aae9,Flexible Tipología,F,50,Rígido Viga,50,50,val
5cfaeb12-2f3e-462d-8f3e-d59d8f86dea8,Flexible Muro,F,100,,100,0,train
5d2a333d-b0aa-40c2-92a7-386834854d8c,Flexible Tipología,F,100,,100,0,train
5d15ce03-ccd6-46c5-8e32-8d7592effe03,Flexible Tipología,F,100,,100,0,test
5d65b7b9-d48c-403a-8946-cb0c64054ebb,Rígido Losa,R,100,,0,100,train
5d2935ed-75cd-4d42-aa32-7efba09d12dc,Flexible Muro,F,100,,100,0,train
5d077313-2937-4852-937a-be8d6408dc0a,Rígido Plano,R,100,,0,100,train
5ed63d8b-709c-4082-8d4e-dec67e26c2ac,Flexible Muro,F,100,,100,0,train
5f40b69d-e467-47e0-af19-1d3b4adb6ef3,Flexible Tipología,F,100,,100,0,test
0006ab6e-efd8-485c-92cc-8fcb5da75e92,Flexible Tipología,F,100,,100,0,train
06ef29dd-fc03-44ab-b6e6-5ed66dba9805,Flexible Tipología,F,50,Rígido Viga,50,50,train
6aa676e2-b609-4cbc-b1a1-1129680ab762,Flexible Tipología,F,50,Rígido Viga,50,50,test
6ad5b376-cd0f-4777-acd3-d37284bf2d93,Flexible Tipología,F,100,,100,0,train
6bd34e09-a412-4fb5-a4d5-d1f198001386,Flexible Tipología,F,75,,75,25,val
6c4ac1c7-86ae-4af6-8395-cb6d64ab3a95,Flexible Tipología,F,100,,100,0,val
6c775d82-2208-43fc-9078-58cc5fbecb87,Flexible Tipología,F,100,,100,0,train
6c49017a-248b-4ce2-a369-9d50d6338548,Flexible Tipología,F,100,,100,0,val
6cbb4305-e709-42c0-9e62-ecc65b40e944,Rígido Plano,R,75,,25,75,train
6dbb7ede-3c4a-49fe-9fd0-af912a01b6d4,Flexible Tipología,F,100,,100,0,train
6dbb15ad-1fc5-4e63-a926-805c97e59012,Flexible Tipología,F,75,,75,25,val
6de80abc-ca37-4db5-9dfa-56b83d3ee71d,Rígido Losa,R,50,Flexible Tipología,50,50,train
6e4ccf4a-12d9-4062-ad3e-e9ed09a66362,Rígido Plano,R,75,,25,75,test
6e79af48-fe27-4477-b71e-72d03e5035fe,Flexible Tipología,F,100,,100,0,train
6ed8eb02-35d9-4542-900f-1c036d39f45e,Flexible Tipología,F,100,,100,0,train
6f2d6d87-9293-44de-87d7-10c3134d93e1,Flexible Muro,F,100,,100,0,val
6f04499f-a804-45ff-83b3-dff166305b67,Flexible Tipología,F,100,,100,0,test
07e578d9-4b55-4556-962b-0261e56125cb,Flexible Tipología,F,75,,75,25,train
7a40b9c3-7a0e-4391-a5f1-9e6c72687ffb,Flexible Tipología,F,75,,75,25,train
7a1990c6-f26b-4ad4-be09-4ac556b0e396,Flexible Muro,F,100,,100,0,test
7ab05963-72e3-4205-bbc9-64b5b5bc1ea7,Flexible Tipología,F,75,,75,25,train
7aee96e3-cf3d-4758-b3b0-7960da3f7160,Rígido Losa,R,100,,0,100,train
7aef18bf-7c98-4e8c-95f8-ecc147906b69,Flexible Muro,F,100,,100,0,val
7baa7db3-5117-434f-8c61-944d5c3c7512,Rígido Losa,R,100,,0,100,val
7bb56eb2-0b98-41a8-ba90-6fe235b69676,Rígido Viga,R,50,Flexible Tipología,50,50,train
7bec8693-7d81-4306-b493-4538e22e3f2c,Flexible Tipología,F,75,,75,25,val
7c0ec060-c346-42c3-9e0e-94df7403213c,Flexible Tipología,F,75,,75,25,val
7c6daf8b-b861-4779-978a-c7ec9cf882d2,Flexible Tipología,F,75,,75,25,train
7d91c134-5b67-44f8-bda5-036b25fd8c92,Flexible Tipología,F,100,,100,0,val
7e88d84a-4545-4a92-8283-f977a2e760ba,Flexible Tipología,F,75,,75,25,train
7ebb5e2e-23a8-4f01-972f-5dc9651b67cf,Flexible Muro,F,100,,100,0,train
7f63134d-b1a8-405d-a4a5-5b254467a0aa,Rígido Plano,R,75,,25,75,train
7fabce36-ecbe-4954-968e-ce1592a40092,Flexible Tipología,F,50,Rígido Plano,50,50,val
7fcceb16-5577-4172-a827-8f34406c3273,Flexible Muro,F,100,,100,0,test
08e7963b-caf6-4c8d-8ef7-b9802a02ead0,Rígido Losa,R,100,,0,100,test
8a6e002f-4869-4894-b651-74a25aba0a4e,Flexible Tipología,F,100,,100,0,train
8a13a01f-0e07-4c61-9111-76625c385ecd,Flexible Tipología,F,100,,100,0,train
8a519e6d-8a9e-4ece-a425-21d2bb705757,Flexible Tipología,F,100,,100,0,test
8af7e55c-f3ea-4875-9fe5-eaba08edecf0,Flexible Tipología,F,75,,75,25,val
8b14e3cd-0032-4112-b438-73c436199486,Flexible Muro,F,100,,100,0,test
8b3132f0-5b7f-426f-b2fc-f5f80124b2ac,Rígido Losa,R,100,,0,100,val
8bb1172b-f827-418b-8da9-795824b70701,Flexible Tipología,F,75,,75,25,train
8c2a4617-0ed0-4bf0-bd73-317ad69b7236,Flexible Tipología,F,50,Rígido Viga,50,50,val
8c45bf1d-95c5-4d5d-9738-3ead3c4975a5,Flexible Tipología,F,50,Rígido Viga,50,50,test
8c70dc48-5714-4607-834b-ba99a12f3de0,Rígido Losa,R,100,,0,100,test
8ccd6581-df86-49a9-85bf-689334333651,Flexible Tipología,F,75,,75,25,test
8d423afa-efdd-45af-b695-3dca8d41f1d2,Flexible Tipología,F,75,,75,25,train
8d081818-698a-4f14-a794-5dd632c0c1e1,Rígido Losa,R,100,,0,100,train
8dae4536-14a9-47b5-ba62-5db33c96ea24,Flexible Muro,F,100,,100,0,train
8dc0e54f-bb3d-4a1a-8948-98168fc1c0a0,Flexible Tipología,F,75,,75,25,test
8ecbe0ae-1293-459b-8b83-9d6e23f36fd9,Flexible Tipología,F,75,,75,25,train
8f61fae1-3a41-4ced-b19a-6a2161bd5e1a,Flexible Tipología,F,75,,75,25,train
8f220911-a824-47ee-b51d-1885ee8d1556,Flexible Tipología,F,75,,75,25,train
8f247808-89a3-4cc8-bcbe-f41667483089,Flexible Tipología,F,75,,75,25,val
8fd7bf1f-e9fc-4432-8191-cbf034688590,Flexible Tipología,F,50,Rígido Viga,50,50,train
8ff8f2e8-62ad-479b-b3b0-f2b5168e1397,Flexible Tipología,F,75,,75,25,train
8ff57eff-509f-4ebb-9a6b-6df324e90201,Flexible Tipología,F,50,Rígido Plano,50,50,train
009ae400-e2fc-4347-8e44-bd17ad1ceebf,Flexible Tipología,F,100,,100,0,val
09f109ca-73a2-4312-9b06-bb360b22e7f1,Flexible Tipología,F,100,,100,0,val
9a04a001-20ec-4283-bd7b-5903855c0e49,Flexible Tipología,F,75,,75,25,train
9a5d09ea-e489-4c70-9702-c1ffb0902934,Flexible Tipología,F,100,,100,0,train
9aaa6c5c-de14-45fa-b29d-07a0b5976900,Flexible Tipología,F,50,Rígido Plano,50,50,test
9b8ff25d-d137-4bf3-95c1-b36e4f4ba717,Flexible Tipología,F,50,Rígido Plano,50,50,test
9b248ffc-9da0-4907-a4c0-075fd17d0fcb,Flexible Muro,F,100,,100,0,train
9b980b40-2664-455b-944b-d5ee9d32da03,Flexible Tipología,F,75,,75,25,train
9b439581-46ef-432f-8ef5-526e9aa50b92,Flexible Muro,F,100,,100,0,train
9bd654c9-4a31-4b3d-9eef-e5f451f84b81,Flexible Tipología,F,100,,100,0,train
9bee36db-e187-4e1b-b887-dd721737686a,Rígido Losa,R,75,,25,75,val
9c44c46d-7cd4-4728-a20e-4f1ec2604081,Rígido Losa,R,100,,0,100,test
9c01026f-5c72-4e5c-a11b-4ccda8be0f35,Flexible Tipología,F,50,Rígido Plano,50,50,train
9cbd1644-a6de-4af8-b214-b243ab72a396,Flexible Muro,F,100,,100,0,train
9d33fdcb-9403-4f62-8cf3-4a2814b0789c,Rígido Viga,R,75,,25,75,val
9d67d1c4-9ac1-41e2-a06e-0c1f79ce7643,Rígido Viga,R,50,Flexible Tipología,50,50,val
9d45829e-dd6b-4a42-acec-fd98a16feba9,Flexible Tipología,F,75,,75,25,test
9da53455-922e-4c96-9d2c-ac3fd2f51540,Rígido Losa,R,100,,0,100,train
9de4f3de-b4f5-4fd8-91d5-7c6fe917bcda,Flexible Muro,F,100,,100,0,train
9dfa35db-3026-41dd-89c0-23ef99a7bc57,Rígido Losa,R,75,,25,75,train
9e9d4823-90e7-49f5-8c63-f0d8c9769477,Rígido Losa,R,100,,0,100,train
9e4421d3-267e-4424-b289-c9c9579a7b0c,Flexible Tipología,F,50,Rígido Plano,50,50,test
9e96066d-5879-4d86-85ab-fb31b85d2cb8,Flexible Tipología,F,50,Rígido Viga,50,50,train
9ec7d5e7-cba6-4ff9-9c43-fac598ada5ea,Flexible Muro,F,100,,100,0,test
9f3afb7b-d594-4bbc-872d-e6f6418f94a8,Flexible Muro,F,100,,100,0,train
9f78b3b1-e2a7-4c8f-b0f1-2ef27423d08f,Rígido Losa,R,100,,0,100,train
9f134f36-b214-48cc-b12f-6ea265087dcc,Flexible Tipología,F,50,Rígido Plano,50,50,test
9f453f32-511c-43de-86b2-8cba034da2e7,Flexible Tipología,F,75,,75,25,test
9f546ae7-bd6e-4785-8e3f-ec1d079af779,Rígido Losa,R,100,,0,100,train
10a56fba-457f-4475-851e-5b98bd71b1e0,Rígido Losa,R,100,,0,100,val
10da10e7-a525-4b49-b916-bd881cb6f3d4,Flexible Tipología,F,50,Rígido Plano,50,50,train
10f985cf-0a3e-4ef6-b89a-72f43f4f0928,Rígido Losa,R,100,,0,100,train
11b7a7e0-0940-4dc5-95d6-dfb00af2291f,Flexible Tipología,F,50,Rígido Plano,50,50,train
11d27415-6e45-492d-9646-05921fdf5bd9,Rígido Losa,R,75,,25,75,train
12ae8191-6a48-493a-85ad-e0db552babc6,Flexible Tipología,F,100,,100,0,train
013d23c9-e2ea-4f06-b0f9-5ac77b89ece3,Rígido Plano,R,50,Flexible Tipología,50,50,val
14ed7cd5-1016-4d6f-b881-8be653201489,Flexible Tipología,F,50,Rígido Plano,50,50,val
15ca985f-c3a4-4251-a5d6-7c3c8c324a4e,Flexible Tipología,F,75,,75,25,val
15d5242d-d7a4-45d1-b54c-4961ef714351,Flexible Tipología,F,100,,100,0,test
15ec87bc-6ebd-43bd-a8d9-b2b8b608132d,Rígido Losa,R,100,,0,100,train
17ef56a7-cf84-45bf-8cf6-12e6a0aa1858,Rígido Losa,R,50,Flexible Tipología,50,50,test
18c17474-3745-4339-a3d8-7ad54969320f,Rígido Viga,R,50,Flexible Tipología,50,50,train
18c76830-5240-471f-a673-896ab851fd6c,Flexible Tipología,F,75,,75,25,test
19c66fdb-a2b2-48a1-b167-b4a3d12eb34e,Flexible Tipología,F,100,,100,0,train
19cb3eed-e471-4630-8c7a-7cb354a1859d,Rígido Losa,R,100,,0,100,train
19d7838e-33e2-493f-bb74-f115886ade0b,Flexible Tipología,F,75,,75,25,train
21d12a32-4858-4eb6-8748-008186754cde,Flexible Tipología,F,100,,100,0,train
21ec4beb-41cc-42bb-a0cc-2dbf1d4f0533,Flexible Tipología,F,100,,100,0,val
21f69d74-e044-480c-9fb4-7c80ceb6e0b3,Flexible Muro,F,100,,100,0,train
22fe3760-a367-4f57-8aad-fe725fa5e8a1,Flexible Tipología,F,75,,75,25,test
23b796e8-7e3d-418f-a0c4-89b9423c3fdc,Flexible Tipología,F,75,,75,25,val
23fc6aef-2cfe-4420-8e62-551c26f571ef,Flexible Tipología,F,50,Rígido Plano,50,50,train
24d4b1d5-5eac-4a0d-9106-622621ae573f,Rígido Losa,R,100,,0,100,val
24ec0562-de9e-4a03-9a14-4f5c11c61467,Flexible Tipología,F,100,,100,0,train
25edebe9-bdc3-454c-8437-e4ea72e4ee1f,Flexible Tipología,F,100,,100,0,train
26e6904d-bae4-4829-9e82-44da4776ff66,Flexible Tipología,F,100,,100,0,test
027feb9e-1d5a-4ef2-b8a4-3beb32855892,Flexible Tipología,F,100,,100,0,train
028aee94-c730-46a7-9dab-b86baf674097,Flexible Tipología,F,100,,100,0,val
29d52a0e-8132-4659-84d4-cab221db6f9c,Rígido Losa,R,100,,0,100,train
29d596f5-dc45-4a65-b382-0146e57fbba4,Rígido Losa,R,100,,0,100,train
30bd4ac6-0f37-4e14-93de-62e67031b849,Flexible Tipología,F,100,,100,0,train
30d49836-3e28-40d7-86f8-a440cf99e58e,Flexible Tipología,F,75,,75,25,train
31aae49e-7713-49ba-8526-2419f99e3329,Flexible Tipología,F,75,,75,25,train
32ba435d-f182-4135-8b84-d2c5ba9a1413,Flexible Tipología,F,75,,75,25,train
32ebb8f7-7000-4d65-b636-f9cd85a5cb60,Flexible Muro,F,100,,100,0,train
35cef59b-e7c2-4d10-8032-cfe5e1c74b1b,Rígido Losa,R,100,,0,100,train
36a4b9a7-259a-40f2-b8be-6c01dff33073,Flexible Tipología,F,50,Rígido Plano,50,50,train
36a1442d-b487-4b38-82c9-1481c4d97b6e,Rígido Plano,R,50,Flexible Tipología,50,50,val
36bfeaab-6b8b-489e-8941-99b9e16a110c,Flexible Tipología,F,100,,100,0,train
037c5fa1-653a-4707-8c9b-9207b1e550e5,Rígido Losa,R,75,,25,75,train
38e6d632-92cb-4b94-8c2f-aefa68ad65bf,Rígido Losa,R,75,,25,75,val
39be613d-7804-44e5-8d9e-7d45376e91ab,Rígido Losa,R,75,,25,75,train
40da6402-9a78-4f4f-8fc7-3a8524583425,Flexible Tipología,F,75,,75,25,train
41dce9a9-c046-45c8-8329-16f7587873b5,Flexible Tipología,F,75,,75,25,train
42a4bd81-3880-409d-9c96-a4f72213df45,Rígido Losa,R,100,,0,100,train
42c7eccf-5ab1-48ca-bc7f-558f8bc57c27,Rígido Losa,R,100,,0,100,train
42d144f4-a416-49c3-8241-d377f10ebe88,Flexible Tipología,F,75,,75,25,val
43f16dae-7ade-4ae3-ad2b-c63b814aec12,Flexible Tipología,F,75,,75,25,train
044de05d-96fb-45ce-87c1-3d6e067ac10f,Rígido Losa,R,100,,0,100,train
45d2fa69-cad0-4067-ac5b-7cdb845a6bde,Rígido Losa,R,75,,25,75,train
46a44427-29ae-47a7-a9d2-862e46aa6d6b,Flexible Tipología,F,50,Rígido Plano,50,50,test
46cd5f8b-1953-4754-8a4f-63f711d52fbb,Flexible Tipología,F,100,,100,0,train
48eb1527-321e-4aba-8766-0303069be9d8,Rígido Losa,R,100,,0,100,train
049a7799-7f99-481c-bd0d-55764568ed5b,Rígido Losa,R,100,,0,100,train
49ef1dca-e89f-4ac3-8189-32bd2609afb5,Rígido Losa,R,100,,0,100,val
50a6d499-e69b-4223-aa66-2fd68479f20f,Flexible Tipología,F,100,,100,0,test
50e07546-4715-45e2-81a9-a328a7355d71,Rígido Losa,R,75,,25,75,val
52c2d00c-27a4-4431-b488-5929b09da8da,Flexible Tipología,F,75,,75,25,train
52f46a37-a45e-4a2e-855c-a52fcde2f83a,Rígido Plano,R,50,Flexible Tipología,50,50,train
53f775c2-3684-43cd-9c68-8cd1f2fe30f7,Rígido Plano,R,75,,25,75,train
54a6844f-715d-4453-9554-c82fd4b748ae,Flexible Tipología,F,75,,75,25,train
55c75afb-46cf-4635-a7be-a74f1c063a74,Flexible Tipología,F,100,,100,0,train
56b619fd-67fb-4c6e-ba23-d91d2cb21563,Rígido Losa,R,100,,0,100,train
56c63e68-dcf6-4953-8f2e-1fd15b86dbfd,Flexible Tipología,F,50,Rígido Plano,50,50,train
56d2fd12-5e41-4b56-971e-01c4760b3e57,Flexible Tipología,F,75,,75,25,train
56d67a86-ad92-4e30-9c8d-477d43f24f60,Flexible Tipología,F,100,,100,0,train
57b0f7be-960b-49d4-999f-600717f104ed,Rígido Losa,R,100,,0,100,test
58d016f5-b408-48aa-9ca9-e588b5dd36dc,Flexible Muro,F,100,,100,0,test
59f4407e-0432-4fcd-954e-dd2e5eb0768c,Flexible Tipología,F,100,,100,0,train
60c6d18f-6993-4bda-97e3-a0613938789a,Flexible Tipología,F,100,,100,0,train
60e5430a-b227-4f66-a025-61b926fe4aa6,Flexible Tipología,F,100,,100,0,test
61aad60b-d4c8-4c7d-b3b9-c78eb4debddf,Flexible Tipología,F,50,Rígido Plano,50,50,train
62cbdeff-2d48-4150-a8b1-87b594d7ed78,Flexible Muro,F,100,,100,0,test
64ae3426-5785-4849-a03c-cc19791386aa,Flexible Tipología,F,75,,75,25,train
65c05d2b-0728-4fca-8519-df3dbf2c2809,Flexible Tipología,F,75,,75,25,train
66ac044c-51c6-40a1-8f0d-04337dc62b52,Rígido Losa,R,100,,0,100,val
67b2509c-0dbe-4554-ba82-aceba103a00a,Flexible Tipología,F,75,,75,25,train
67c7d9f2-3977-4297-9483-436905587a53,Flexible Tipología,F,75,,75,25,test
68f50b3b-b0b9-461b-9e64-1cab2a62af54,Flexible Tipología,F,100,,100,0,train
70bb1c1d-94a0-4ee4-bcf8-13e4471f043e,Flexible Muro,F,100,,100,0,train
70c3cb04-8d8f-4dfa-aa21-65ad65d6a9ab,Flexible Muro,F,100,,100,0,train
72e1d813-2939-48f7-a586-daba34abac4f,Flexible Muro,F,100,,100,0,val
73b3e125-a615-4a2f-9b0b-ab5ee003aa5c,Rígido Losa,R,100,,0,100,train
73b85388-c7c8-4392-a2ca-0405c2d5f842,Flexible Tipología,F,75,,75,25,val
74c3f8a9-3cb2-40b9-a607-7332738ffd45,Flexible Tipología,F,75,,75,25,train
75a1c6b0-3e8d-4301-a27d-e84381f318d0,Flexible Muro,F,100,,100,0,train
77a74aec-fdfb-4d9b-8190-824c6fb73660,Flexible Tipología,F,75,,75,25,train
77d08ae2-2245-4b42-876d-be07b06b4778,Rígido Losa,R,75,,25,75,train
77e1b66f-f93f-41e9-a8cf-20a609b2b6c2,Flexible Muro,F,100,,100,0,test
78fa19d7-9c74-441a-9832-d05644855560,Flexible Muro,F,100,,100,0,train
79cc353e-f161-4414-8a09-69953a3cae39,Rígido Losa,R,100,,0,100,train
80d41f0f-ac73-4672-b8eb-86f6b733cdf7,Flexible Muro,F,100,,100,0,train
80f30ded-077f-44ae-879a-2e0b907a7112,Flexible Tipología,F,100,,100,0,train
81d39cd8-7957-4c78-abe9-9891173f7847,Rígido Plano,R,75,,25,75,train
81e5830f-53d7-42a4-8c48-bb219d1816af,Flexible Tipología,F,100,,100,0,train
83f1a12b-3315-4ddd-951e-a91a7ce9faa1,Rígido Plano,R,75,,25,75,train
85ac06c5-6830-45d6-87bc-7ad1509dd017,Rígido Losa,R,100,,0,100,train
85be3870-ecc8-4c2a-a139-17e57f599fc0,Rígido Plano,R,75,,25,75,train
85fe8779-9c95-4d51-b3ab-2dbdd7d84427,Rígido Plano,R,50,Flexible Tipología,50,50,train
87a3828a-d067-4d45-9303-9ac54fb9f90d,Rígido Losa,R,100,,0,100,train
87ad7c6e-95e5-479b-8165-bf4ab965ca7d,Flexible Muro,F,100,,100,0,train
87cabbfd-614f-45ce-b791-03f8a4a4969a,Rígido Losa,R,100,,0,100,test
89c4cb7e-3251-4580-a916-4098f3d16020,Rígido Plano,R,75,,25,75,train
89e87b52-9b86-47e8-a8e8-2cdd4f421d5f,Flexible Tipología,F,100,,100,0,train
89f121f1-47c7-40c1-9c1f-c101c96249d3,Flexible Tipología,F,75,,75,25,train
90bc8ff0-c4f2-41d6-a501-71ae22d60873,Flexible Tipología,F,75,,75,25,train
91b9f0a0-dcb2-4538-921c-556177569780,Flexible Tipología,F,100,,100,0,val
91c7f6ee-3f7f-4ebe-9929-73210d9f1bb2,Flexible Tipología,F,50,Rígido Plano,50,50,val
92eddd62-6f7a-4879-8313-0b5260b54bd7,Rígido Plano,R,75,,25,75,train
093bbec4-428c-4ef2-9f56-eb671d9dc785,Flexible Tipología,F,100,,100,0,test
93ae913e-0e4a-4331-8d35-6bdda054f4c8,Flexible Tipología,F,75,,75,25,train
094c0669-b479-4e3c-8938-58de4568670e,Rígido Losa,R,100,,0,100,val
96bd18a3-bb46-4e7d-9b19-8927f2a48684,Flexible Tipología,F,75,,75,25,test
96c5d74f-c895-4b50-b8b2-bd1db324990f,Rígido Losa,R,75,,25,75,test
96db9275-84fd-4fd6-8ca2-ae1e9b6bae91,Flexible Tipología,F,75,,75,25,test
97a4f9cf-a92e-428d-8603-6abc98fbab4e,Flexible Tipología,F,100,,100,0,test
97d28a9e-8f69-4af6-b2e7-56ffa7d71863,Flexible Tipología,F,100,,100,0,val
98eb6421-19a2-4538-8b0c-583fc4038b3c,Rígido Plano,R,50,Flexible Tipología,50,50,train
99db71b2-ebec-4182-bf1f-2a32c2cc0e2a,Rígido Plano,R,75,,25,75,test
120b429d-d17d-4d2a-8618-0dbc4b1befa7,Flexible Tipología,F,100,,100,0,train
142c7995-830f-4461-9c0a-73f4db183688,Flexible Tipología,F,100,,100,0,train
167b13df-2e78-4309-90f5-b140cf3a36fb,Rígido Viga,R,50,Flexible Tipología,50,50,train
0176b278-605f-442b-8548-2190bc35311d,Rígido Losa,R,100,,0,100,train
192b1bf9-f3e1-4665-9a24-28c224e94149,Flexible Tipología,F,75,,75,25,test
224f2d95-0ec6-4cb8-b2fc-82b151324196,Rígido Losa,R,100,,0,100,train
235f5e84-f899-4780-82f0-a8775abd3d25,Rígido Plano,R,75,,25,75,test
0242daba-e2e7-478c-b88f-d310fd61b98c,Rígido Plano,R,75,,25,75,train
255faab8-a481-4aed-9c9b-07c19a2bf60c,Flexible Tipología,F,100,,100,0,test
263bc592-b8e0-450a-8352-bea0b43183b8,Flexible Tipología,F,100,,100,0,test
275bc883-b788-4831-98c0-9f5207089a36,Rígido Plano,R,75,,25,75,val
0294becf-4bb0-4e5c-9c14-14d77012bb8a,Flexible Tipología,F,75,,75,25,test
295bd450-9408-477f-8c1d-fb33bb2f1116,Flexible Muro,F,100,,100,0,train
311c9a83-b62d-47ed-aac2-700b943b14bd,Flexible Tipología,F,100,,100,0,train
328ac4ee-fb6d-48fc-8a01-0c53a2c6ce59,Flexible Muro,F,100,,100,0,train
333e4639-fe28-415c-bc18-78e85e0303cb,Rígido Plano,R,100,,0,100,val
340cc0db-43f0-4fde-9a99-a0d3a9a0c20d,Rígido Losa,R,75,,25,75,train
358c0114-82bf-41a9-8800-1177e5987564,Flexible Tipología,F,75,,75,25,train
360dc98f-8613-4f17-83c5-4b1252f0755f,Flexible Muro,F,100,,100,0,train
380c5e4c-1bbd-4e34-91eb-24d3b50a2e6c,Rígido Losa,R,100,,0,100,test
391cfe0f-818c-4df9-8c23-998b526253d7,Rígido Losa,R,100,,0,100,test
397bb21f-784e-45f4-92bf-7d5a4824a3a4,Rígido Losa,R,100,,0,100,test
0427bdb3-28ea-4bba-a4a4-fc306aa7329d,Flexible Tipología,F,75,,75,25,test
429cc78f-d439-42ee-ba8a-9baf66a550f8,Rígido Plano,R,75,,25,75,train
443fd3ea-a765-431d-b5b0-8c23c9691a0f,Flexible Tipología,F,50,Rígido Plano,50,50,test
451f0027-74bd-4c1e-8f3b-b4d68e29611c,Rígido Losa,R,100,,0,100,val
455da7de-d6c2-4cd5-8ed9-dc5c2aa3fa9b,Rígido Losa,R,100,,0,100,train
464e0ff1-6ea1-4695-8a98-b9bffd95cb1d,Flexible Tipología,F,100,,100,0,test
466da194-54a2-4d00-a354-6ece5e3b6e11,Flexible Tipología,F,50,Rígido Plano,50,50,train
475fff45-d3ac-41d4-9c10-c9fbd843f2be,Rígido Plano,R,75,,25,75,train
476d1dca-f4f5-4851-b3d3-51c2ce8f81b7,Rígido Losa,R,100,,0,100,val
481fdd15-86f8-4ba4-bf9a-6ac52940e665,Flexible Muro,F,100,,100,0,train
565e5a81-91f6-44c0-bb8c-d53803d94661,Flexible Muro,F,100,,100,0,train
567ba5e9-60d0-4eda-91c7-7b5262957df4,Flexible Tipología,F,75,,75,25,val
577e4d5e-7d27-4b06-82a6-b96edc7f72ed,Flexible Tipología,F,75,,75,25,train
624a56bb-b27c-42ab-a476-a9b04860565d,Flexible Tipología,F,50,Rígido Viga,50,50,test
628da36c-6032-434a-b6df-3a90bfd34164,Rígido Plano,R,75,,25,75,train
642bbddf-905b-4338-9b0a-89373b60ce03,Rígido Losa,R,100,,0,100,train
657e68ac-283e-4d42-8b3b-a12d806796a5,Flexible Tipología,F,100,,100,0,train
667a04a6-1167-4d25-855e-b094b2cffaea,Flexible Tipología,F,75,,75,25,train
667cb64c-32da-4f22-8238-a7438aafc007,Flexible Tipología,F,100,,100,0,train
667efb48-70be-43fe-bbe1-51ad727c3406,Rígido Losa,R,75,,25,75,train
668b0afd-7aa5-4c28-ade3-ca6bca80772d,Flexible Tipología,F,100,,100,0,train
676e957c-d1b5-4a09-a0dd-4fbfbdda5249,Rígido Plano,R,50,Flexible Tipología,50,50,test
689fc22a-2a91-41b2-b033-ba0a0cffd506,Rígido Plano,R,50,Flexible Tipología,50,50,train
694a1917-82a9-4b2e-b925-c20bb9f71c6a,Flexible Tipología,F,75,,75,25,test
720a1435-45ba-485a-b98a-343dc338a41d,Rígido Plano,R,75,,25,75,train
740f5d4e-c994-424f-998d-10408f88252d,Rígido Viga,R,75,,25,75,train
765f17c1-a5fc-406a-99a2-c4a51b97460d,Flexible Tipología,F,75,,75,25,test
799c5992-132f-469f-a7ba-242b5230a053,Rígido Losa,R,100,,0,100,train
809a75a2-940d-4791-b332-f978801effdb,Flexible Muro,F,100,,100,0,val
831ab0c6-bafd-489a-bed0-4e1b109e8c23,Flexible Muro,F,100,,100,0,train
837e41a8-61f4-40b8-8db2-6dcce7f1b6fe,Flexible Muro,F,100,,100,0,test
0848b5a9-679b-4146-b3d4-b5147e194f09,Flexible Tipología,F,75,,75,25,train
855f96a1-8e8f-4d02-95e4-f3093d3b5b37,Flexible Tipología,F,100,,100,0,train
862aa295-2bd3-49be-b12d-e5faae001ee5,Flexible Tipología,F,100,,100,0,train
866e43ee-31ba-4165-acf0-6d663deed09a,Rígido Plano,R,100,,0,100,val
870de899-26fd-4ebf-8058-5a37a9dcd8b4,Flexible Tipología,F,75,,75,25,val
882a5988-f002-4542-a287-654d11154860,Rígido Losa,R,100,,0,100,test
882e51b2-6be6-40c5-9ccb-50be6e663764,Rígido Plano,R,100,,0,100,test
884f7d8d-40c6-40fc-b002-b02410292456,Flexible Tipología,F,100,,100,0,test
885fb9d2-de48-4486-b429-1412ded756d2,Rígido Viga,R,100,,0,100,train
927c8f71-6db9-4161-8d77-b3e99268726d,Flexible Muro,F,100,,100,0,val
929d1ea5-f23b-4ec7-835e-296c564904cb,Rígido Plano,R,100,,0,100,train
951d7f09-ae18-4864-895a-25c267168b7d,Rígido Plano,R,100,,0,100,train
972d5845-de1d-4ac9-b01f-c2ac6f14a4e5,Flexible Tipología,F,100,,100,0,train
973e7c22-13fd-4a79-9fab-38fad2905e42,Flexible Tipología,F,100,,100,0,train
977b2559-6abc-4a70-ae0a-e50ceb0417f6,Flexible Tipología,F,50,Rígido Plano,50,50,train
987ec5c3-9eaa-49d5-86c3-c5adc00c8f46,Flexible Tipología,F,100,,100,0,train
1085e62c-4749-4545-902f-1cb5c57fd167,Flexible Tipología,F,75,,75,25,train
1508b8d9-cca7-4584-a886-c2f7cd04530f,Flexible Tipología,F,50,Rígido Viga ,50,50,test
1559afd6-042a-4f38-b283-cd3a7910f5d8,Rígido Losa,R,100,,0,100,test
01868e82-2299-4461-9fbd-38feb56b3539,Flexible Tipología,F,75,,75,25,train
2055d71a-a463-4c27-b769-9a383faec4c2,Flexible Tipología,F,75,,75,25,train
2286e036-1df3-483c-b68d-ce20705a3757,Rígido Plano,R,50,Flexible Tipología,50,50,train
2337b03e-cad9-41ab-9904-3b4915ffc518,Flexible Tipología,F,75,,75,25,test
2359fdcb-9509-40c0-866c-e91a40692c71,Flexible Tipología,F,75,,75,25,test
2490b761-00dc-4ddb-8f79-da641e9c4d03,Flexible Tipología,F,100,,100,0,train
2532e1b1-e01d-4ea0-86bf-a1dfca965f07,Flexible Tipología,F,100,,100,0,val
02540d1b-fdb2-4991-9e62-97432872b5a3,Rígido Losa,R,100,,0,100,train
2561ad9f-8df1-4f5f-99f7-d945e8cadec9,Rígido Plano,R,75,,25,75,train
3004b13f-44d7-4290-9801-4e4bf17fda5c,Flexible Tipología,F,75,,75,25,train
3563b000-4147-45a4-adf1-98445711165b,Rígido Viga,R,50,Flexible Tipología,50,50,train
3955cd1f-57fa-4485-89a1-b4646cbd36d9,Flexible Tipología,F,75,,75,25,train
4027d06f-e2cf-4e38-9c67-01ce88f413b4,Flexible Tipología,F,75,,75,25,test
4168e8ab-ad55-49cc-9db0-94f2a65ed7f1,Flexible Tipología,F,75,,75,25,val
4396a026-def2-42ee-b38e-e847ba461635,Flexible Tipología,F,100,,100,0,val
4443c921-6b80-4373-8181-c197198444db,Flexible Tipología,F,100,,100,0,val
4579e56b-ea62-4898-bf22-164338be373b,Flexible Muro,F,100,,100,0,train
4735a78b-cc92-4a85-ba1a-baa13de5885a,Flexible Tipología,F,75,,75,25,test
04804aff-1a60-408f-b855-6a0c459386fe,Rígido Losa,R,100,,0,100,train
5085f4aa-bce8-4b08-8f49-6a586626fa0f,Flexible Tipología,F,100,,100,0,train
5301aac7-b6bc-49fc-8afd-1f6337e842ae,Rígido Plano,R,50,Flexible Tipología,50,50,val
5730e730-239f-46b5-a083-c36382bc3506,Flexible Tipología,F,75,,75,25,val
05967edd-1685-4a39-bc3c-05cd6565da4a,Rígido Losa,R,100,,0,100,train
06252cf4-ad3f-4247-a0fe-67f11e20ff38,Flexible Tipología,F,100,,100,0,train
06489ed7-572d-48ed-b073-3a710c2e77a7,Flexible Tipología,F,75,,75,25,train
6703d50a-0d07-47fd-b100-06c93472f4cb,Flexible Muro,F,100,,100,0,val
6811ca23-76ad-4a8a-956f-aaf355676879,Flexible Muro,F,100,,100,0,train
6930a007-e45b-460e-b15c-77c9c4a15b1d,Rígido Plano,R,75,,25,75,val
6948a44a-159f-4d19-b262-970a18b2da4d,Flexible Tipología,F,75,,75,25,test
7026b337-eb09-4d85-b549-df1caa0c9a30,Flexible Tipología,F,100,,100,0,train
7034b0da-b271-42a8-adb2-d78f92045451,Flexible Tipología,F,75,,75,25,train
7055d287-2ce8-4ae5-a7d1-eb7c555c9342,Flexible Tipología,F,75,,75,25,train
7166b2af-d1b1-4089-a7b5-3108c7e553d6,Flexible Tipología,F,75,,75,25,train
7223c9cb-d6d7-48d0-bc4a-9e3517c9dab3,Flexible Tipología,F,75,,75,25,val
7251a743-ac1f-4406-bf1c-6ece3887d20b,Rígido Plano,R,50,Flexible Tipología,50,50,train
7347b5ec-b00b-419c-b574-5a995687af9f,Flexible Tipología,F,100,,100,0,train
7359c6e2-053f-407f-90e3-c938443598f5,Rígido Plano,R,50,Flexible Tipología,50,50,test
7771abe1-6ae2-41c9-b81a-8d73d234763a,Flexible Muro,F,100,,100,0,val
8022a8da-7360-4d37-9950-f912c31ff9fb,Flexible Tipología,F,100,,100,0,test
8363d41d-43b3-4361-8ff3-560635e5120f,Flexible Tipología,F,75,,75,25,test
8413f205-3e17-40dd-bbf8-cb802b6ff508,Rígido Losa,R,100,,0,100,val
8467a38c-09b8-4f35-9286-536bfe1bdeb6,Rígido Losa,R,100,,0,100,val
8640f74a-069f-4073-9987-c561993f25eb,Flexible Tipología,F,100,,100,0,val
8689e230-55aa-4648-a741-e353a0527994,Flexible Tipología,F,100,,100,0,test
8920a806-6223-4776-90f4-94a3d896373b,Flexible Tipología,F,75,,75,25,val
9040e390-8667-47c2-bf9a-eb74ab8c6a34,Flexible Tipología,F,100,,100,0,train
9087f2e6-ecde-40b8-9e8e-f526d50ccb0a,Rígido Losa,R,100,,0,100,test
9130bc2f-29b6-4124-8ccd-e9e9685dd5fd,Rígido Losa,R,100,,0,100,train
9518f769-8373-40b7-b491-a0c980434aaf,Flexible Tipología,F,100,,100,0,train
9785ecd9-9746-46f5-81b5-4145bd81ab8f,Flexible Tipología,F,75,,75,25,test
9808d75c-03a6-4cf4-b149-4c9bc10f03c3,Rígido Plano,R,50,Flexible Tipología,50,50,train
10392cd7-121b-4564-9b5a-3455ce4eb17b,Flexible Tipología,F,100,,100,0,test
10437eec-06c3-47d8-864a-2f8df6e64414,Flexible Tipología,F,75,,75,25,val
13959c47-d470-462e-9042-bf38b4706f91,Rígido Losa,R,100,,0,100,train
15004c18-1558-4a7e-834d-eca78c0bb9b4,Flexible Muro,F,100,,100,0,test
16003fee-7a67-425a-874e-982758479fe0,Rígido Plano,R,50,Flexible Tipología,50,50,train
16161d70-c19a-4501-a1f6-e1bac703850f,Rígido Plano,R,75,,25,75,val
16178f48-0a76-43a4-bcbc-851a327ee9b0,Flexible Tipología,F,75,,75,25,test
17156f47-481e-4eb0-8ddd-c95294af4bbc,Rígido Losa,R,100,,0,100,train
17472dc9-3a2b-45d9-bf48-caf68a754c5b,Flexible Tipología,F,100,,100,0,train
23054eab-6f67-493b-b3d4-b79c0523069c,Rígido Losa,R,100,,0,100,train
27450ae3-43a1-456b-8eb6-085078ac25f9,Flexible Tipología,F,75,,75,25,train
34623e46-5f42-473f-9147-c10c3e438fea,Flexible Tipología,F,100,,100,0,train
40474bcb-8beb-44d9-970e-819681f4acf0,Flexible Tipología,F,75,,75,25,test
41571a79-4e83-487a-b270-4939b0d17ab5,Flexible Tipología,F,100,,100,0,test
43943d2a-5376-4b1b-9e52-f17972a4a087,Flexible Tipología,F,75,,75,25,train
44720ed3-9d4b-405c-ae9e-d12f014f03e1,Rígido Plano,R,75,,25,75,val
52155a05-6316-4185-b17c-b7e12b210e41,Flexible Tipología,F,100,,100,0,test
53302ae9-6f4c-4c90-8a53-5a7189a388c9,Flexible Tipología,F,100,,100,0,val
54563db4-9be3-4876-b328-33cd67879ecc,Flexible Tipología,F,100,,100,0,train
57081ef9-cc2c-42ae-acdd-18852bd80277,Flexible Tipología,F,100,,100,0,val
58803bb1-4a7e-4f16-bbef-696ac5c4464d,Flexible Tipología,F,75,,75,25,train
64414d7c-79a9-4d26-bf35-6dde88b08e45,Rígido Plano,R,75,,25,75,train
070964fd-f661-4ce6-ace8-10e84d2cc0c2,Flexible Tipología,F,100,,100,0,val
81298db8-39e2-4078-81ea-d1a79df68efc,Flexible Tipología,F,75,,75,25,val
81373d99-2d00-4bde-b5d2-0a229c656b16,Flexible Tipología,F,100,,100,0,val
82209aa4-cb2f-45e1-b825-9cb0f30d4526,Flexible Tipología,F,75,,75,25,val
83900dd6-1333-47ca-bc6b-5195a85ee274,Flexible Tipología,F,100,,100,0,train
88648f74-5ba5-4397-8c02-0ca6457e4be4,Flexible Tipología,F,100,,100,0,test
90245a51-65d4-40e9-a67f-f180fbfe1030,Flexible Tipología,F,100,,100,0,train
91349df2-6ffd-4929-8a1b-6f328be66ca4,Flexible Tipología,F,100,,100,0,train
94981f0f-464a-4159-b3ff-fdcce0777459,Rígido Plano,R,75,,25,75,train
95080d88-9b5b-4d0b-ae2a-bf547a03454f,Flexible Tipología,F,75,,75,25,train
99755b32-84d5-4fab-8798-707b9434f049,Flexible Tipología,F,100,,100,0,train
169054c5-f58e-4c82-99f8-b4e1f037725b,Flexible Tipología,F,75,,75,25,train
185776a9-f3da-46b5-a740-24c6e6e8b94b,Flexible Tipología,F,75,,75,25,test
223019c3-b98c-4907-952e-14e5ccb1f13c,Rígido Losa,R,100,,0,100,train
272140bd-3bc8-4aff-83da-5f98990bfc23,Rígido Plano,R,50,Flexible Tipología,50,50,val
348674c9-97da-4b99-aaa5-0e8f7668e5b9,Flexible Tipología,F,100,,100,0,test
350637c0-48b7-44a9-9303-9c3afd6bdbe8,Flexible Tipología,F,100,,100,0,test
377914c1-2706-4103-8cdc-45074a220d0b,Rígido Losa,R,100,,0,100,train
398510dd-550d-484b-a2d2-dabe9494329a,Flexible Tipología,F,75,,75,25,train
0408351f-557c-4999-9551-113ea528d53d,Flexible Tipología,F,75,,75,25,val
439540fa-c1d7-4891-8052-acdc5e9b46f2,Rígido Losa,R,100,,0,100,train
462261a7-b017-4e17-ad67-e7ba49b59f0e,Flexible Tipología,F,75,,75,25,test
0465436b-c011-49c1-a674-0d5668440a10,Flexible Tipología,F,75,,75,25,val
500044c9-caa1-4873-8695-7a071ed2e0d7,Rígido Plano,R,100,,0,100,train
563728cb-6d6e-4f71-bdb2-5e084de39696,Flexible Tipología,F,100,,100,0,train
581311e3-71e6-4c1b-acef-ff1f740f5404,Rígido Plano,R,50,Flexible Tipología,50,50,train
679709d8-47d3-4d69-a3f6-21bec85fcba0,Flexible Muro,F,100,,100,0,train
765815ef-61db-4c76-bc3b-f1b15ae47f4b,Flexible Tipología,F,75,,75,25,train
773294b7-8dc0-431f-bc14-a0783bff4c94,Rígido Plano,R,75,,25,75,train
833462ee-a4ef-4d46-9de3-143060eed159,Flexible Tipología,F,75,,75,25,train
929854d0-eb3e-4008-8185-0031e5a26231,Rígido Losa,R,100,,0,100,val
949927ce-c04c-41f6-a286-568e76a66dca,Rígido Plano,R,50,Flexible Tipología,50,50,test
951258c1-411e-43d6-a2ae-0049ce71cd85,Rígido Losa,R,100,,0,100,train
964666eb-fe5b-4cd3-bf6b-afc63fe83b48,Rígido Plano,R,50,Flexible Tipología,50,50,train
984102e2-62f6-4237-aa0f-892802a1d714,Flexible Tipología,F,75,,75,25,train
1083257b-0daf-4580-9541-163b207be847,Rígido Plano,R,75,,25,75,train
1410569a-22bb-4837-b020-5901ec342584,Flexible Tipología,F,100,,100,0,train
2721061a-4c42-46e8-945a-63eb46a2fdbd,Flexible Tipología,F,100,,100,0,val
3097773c-2f67-4e39-a25d-7788133f39ed,Flexible Tipología,F,100,,100,0,val
3552997d-7788-4788-ac47-41b836caab87,Rígido Plano,R,50,Flexible Tipología,50,50,train
3579382f-ff0e-445c-a002-1251ddb48097,Flexible Tipología,F,100,,100,0,train
3964836d-d2d1-452f-99f9-a8d664a858a4,Flexible Tipología,F,100,,100,0,train
3966535d-a7c2-4753-9bd0-db792542612d,Flexible Tipología,F,100,,100,0,test
04712832-5f47-4952-b501-1e7a100727e7,Rígido Losa,R,100,,0,100,train
5075148d-5690-489d-a5aa-cb6d7fad6158,Flexible Tipología,F,75,,75,25,val
5677304d-fd2b-4507-8a0c-36d72f592d6d,Flexible Tipología,F,75,,75,25,train
5822204c-67cd-4f7d-82ee-01b9a936a5ea,Rígido Losa,R,100,,0,100,train
06115560-18b1-4d73-81c4-3a040934ed42,Flexible Tipología,F,100,,100,0,val
06856944-874c-400c-9abb-7d3d235787ec,Flexible Tipología,F,100,,100,0,test
08079052-e4c7-436a-97ee-488c714af012,Rígido Losa,R,100,,0,100,train
8401299f-100f-45ef-a2af-4295b32a2d37,Flexible Tipología,F,75,,75,25,test
9064516c-92f6-4950-b719-66b79534746d,Rígido Plano,R,50,Flexible Tipología,50,50,train
9274757e-0a60-4be4-ada3-e193c0bfca56,Flexible Tipología,F,75,,75,25,val
9769010e-02c1-4d6f-a465-88b629d9251f,Rígido Plano,R,50,Flexible Tipología,50,50,train
13834650-141b-49b7-b552-7b4b7d392f55,Flexible Tipología,F,100,,100,0,test
13889416-4126-4ab2-bcd5-4991e77efa1d,Flexible Tipología,F,100,,100,0,train
14678267-df0e-4357-9942-1ab05fca2dde,Flexible Tipología,F,100,,100,0,test
15749604-5b9c-4a70-a693-ac020894e056,Flexible Tipología,F,75,,75,25,val
31180316-cbbe-4cc3-a7fb-efbcbfe91e32,Flexible Tipología,F,75,,75,25,val
36479782-e8e4-4c9c-a9a9-4c041ca05aad,Flexible Tipología,F,100,,100,0,train
38212862-05b7-489e-903b-d9cf12691f3f,Flexible Tipología,F,100,,100,0,train
46870512-1296-4c66-96ad-554dc5748943,Rígido Losa,R,100,,0,100,val
53506088-2826-4eef-8525-663778c382d6,Flexible Tipología,F,75,,75,25,train
59786520-e6ed-4ecb-a5c9-25bb4428dfff,Flexible Tipología,F,75,,75,25,train
61641446-7f18-4a71-935a-f37ab8b1c49b,Rígido Losa,R,100,,0,100,train
64525422-83e9-4e8a-8d04-3f706ac778d2,Flexible Tipología,F,75,,75,25,train
66591710-ea1e-4b17-8aea-111fc9a48cb4,Flexible Tipología,F,75,,75,25,train
67098848-3f37-4205-a560-c4636a05b02f,Flexible Tipología,F,75,,75,25,val
68669742-8e42-483c-9833-5fb1f732291b,Rígido Plano,R,75,,25,75,train
76166405-9692-45d2-bded-07a375cdd6ca,Flexible Tipología,F,75,,75,25,train
83685037-65ae-4fe6-b90a-b5a0ba9860e5,Flexible Tipología,F,100,,100,0,train
90006442-10f0-4293-a31f-ecd21a4a6095,Flexible Tipología,F,75,,75,25,train
94555516-93de-4942-97ca-eb774ee266b3,Flexible Tipología,F,100,,100,0,train
a1ac8ffa-701f-4e58-819d-629fef7baec2,Flexible Tipología,F,75,,75,25,val
a2a98e29-8458-48e3-b082-c376b5c9a253,Rígido Plano,R,75,,25,75,val
a3cb228c-049d-4576-9e57-494d65b4f132,Flexible Tipología,F,75,,75,25,train
a3f44e35-3ec9-4cf4-a567-3bd2902263fa,Rígido Plano,R,50,Flexible Tipología,50,50,test
a4a8c4f1-1734-4820-9e89-a02f2c1abcd2,Flexible Tipología,F,75,,75,25,train
a4bca4f3-3425-4ff6-81a6-87e44cfe8adc,Flexible Tipología,F,75,,75,25,val
a4f9a102-b056-4295-817c-be72d2934e22,Flexible Tipología,F,100,,100,0,train
a5e7a539-4eaf-4c9c-b872-4aca7c971aab,Flexible Tipología,F,75,,75,25,train
a5e61a12-aec4-4ea4-8f8f-189096c5203f,Rígido Plano,R,50,Flexible Tipología,50,50,val
a7a145af-d5a0-4b2e-b1be-ecbc555538e9,Flexible Tipología,F,75,,75,25,train
a7f2c3cc-79c9-45d8-81f4-8b367ab9affc,Rígido Plano,R,50,Flexible Tipología,50,50,test
a8ae4e7d-d661-41af-bf05-97f6682e04d1,Flexible Tipología,F,100,,100,0,train
a9e81d3e-71cc-4718-bae4-18a377f2de6c,Flexible Muro,F,100,,100,0,train
a19f8c16-b52e-4ea7-a4f9-bc9ee7b04073,Flexible Tipología,F,100,,100,0,val
a33ca3d4-c1f7-4d33-9689-9fbb65da5843,Rígido Losa,R,100,,0,100,val
a52dd8f4-4055-44cf-b0f3-8f86dc4cc5eb,Rígido Losa,R,100,,0,100,train
a081c007-d967-4143-929b-3aafa1e61250,Flexible Tipología,F,100,,100,0,train
a83f887f-2939-404e-8c6a-00a9631682bd,Flexible Tipología,F,100,,100,0,test
a88b02f7-a09a-431a-831d-1543fc257411,Flexible Tipología,F,100,,100,0,train
a92f841d-f9a1-4638-bce0-9b2e9c086d41,Flexible Tipología,F,100,,100,0,train
a218b1ab-7f6a-4111-911e-1982f50ed744,Flexible Tipología,F,75,,75,25,train
a324a1e7-9a9c-4706-88de-d27becb98c85,Flexible Tipología,F,100,,100,0,train
a819e593-2631-428c-bf22-b8026b78adf0,Flexible Tipología,F,100,,100,0,train
a7954f9e-340f-40da-915f-3c97098680d7,Flexible Tipología,F,75,,75,25,train
a8995ede-14eb-4ae3-96e7-136ddf72b655,Flexible Tipología,F,100,,100,0,train
a25886af-30bc-49c1-ad5c-8f71106249d0,Rígido Plano,R,50,Flexible Tipología,50,50,val
a26159b9-6f15-4b08-beea-71a58568961e,Rígido Plano,R,75,,25,75,train
a31144be-cff2-43bb-99af-937de3252b5e,Rígido Plano,R,75,,25,75,val
a589521e-0548-4284-b093-2b641396e88c,Flexible Tipología,F,75,,75,25,train
a672753e-ffe4-4776-98fe-caf55338fb70,Flexible Tipología,F,100,,100,0,train
a971688e-3de8-4f1e-8cd4-0b320113c67b,Flexible Tipología,F,75,,75,25,train
a2039619-0bdd-497b-b213-2c7fdfa10465,Flexible Tipología,F,75,,75,25,train
a4204173-e757-48ef-a4c4-ade31a615267,Rígido Losa,R,100,,0,100,train
a7473577-133a-4dac-84d5-4ed8a04b213c,Flexible Tipología,F,75,,75,25,train
a7984600-08d3-4130-873a-4e9c0b4970ba,Rígido Losa,R,75,,25,75,train
aa5c7db1-f4ad-4062-96e0-b95a9c55c9ce,Flexible Tipología,F,75,,75,25,val
aa45d6bc-7b92-4069-a536-c63e8fb2ba82,Flexible Tipología,F,100,,100,0,train
aa503ad1-478f-42e4-9c77-097573e83b0b,Flexible Muro,F,100,,100,0,val
aad0227b-9918-4dd1-8af9-04ab9d631dea,Flexible Tipología,F,75,,75,25,test
aaf58add-5efb-489d-913d-cca6136556f4,Flexible Tipología,F,100,,100,0,val
ab330ad3-9b7d-4e71-bd4e-8961ab04be42,Flexible Muro,F,100,,100,0,test
ab422cc3-ea28-4ac3-a051-97be319074b5,Rígido Plano,R,75,,25,75,train
ab806fb1-4ceb-4df8-95f6-90df225e2eb7,Flexible Tipología,F,100,,100,0,train
aba94085-99d3-4457-9d9d-975270fddc4d,Flexible Tipología,F,75,,75,25,test
abacc34c-23e2-4d6c-938c-fc586b79cb3a,Flexible Tipología,F,100,,100,0,val
ac7c606a-4acf-4175-a459-71281d996970,Flexible Tipología,F,100,,100,0,train
ac9ed4b9-0024-4d77-836c-432e9663cef6,Rígido Losa,R,100,,0,100,train
ac46f2ed-9733-4388-8873-6121021dcf7d,Flexible Tipología,F,75,,75,25,val
ac57d21d-6597-40dc-ae61-b1bc56fa48db,Rígido Losa,R,100,,0,100,train
acb47ac7-a219-4cc4-9a93-eb0c21a51136,Rígido Plano,R,75,,25,75,val
ace1dcdb-d807-42a3-9ba6-6be393b2c823,Flexible Tipología,F,75,,75,25,test
acff67df-4984-47e8-9e52-679d0f93676b,Flexible Muro,F,100,,100,0,train
ad5bfda2-87dd-467b-b67b-652e2ef0e2a4,Rígido Losa,R,100,,0,100,train
ad7fec02-03d0-4333-95a6-aef5dd883b71,Flexible Muro,F,100,,100,0,val
ad9a51c9-7c38-40a4-bdd6-50c6a4262adb,Flexible Tipología,F,75,,75,25,train
ad53066f-d1a9-454f-8592-8ec4cd07f136,Flexible Tipología,F,75,,75,25,val
adc8949b-2e8c-4cd8-9f5c-acfc6a9a6c57,Flexible Tipología,F,75,,75,25,test
ae6f30e3-4bdf-40e3-ba89-bf9f58f3d10f,Flexible Muro,F,100,,100,0,train
ae6faded-9865-478b-9776-27764a11913e,Flexible Tipología,F,100,,100,0,train
ae28e337-7c6e-4425-87e7-1e35863239ca,Flexible Tipología,F,100,,100,0,train
ae70f35f-0565-497f-9c3b-c0e6a89ea28e,Rígido Plano,R,75,,25,75,train
ae03566e-66a2-4f69-882c-546782a563a9,Flexible Tipología,F,75,,75,25,test
aed66afe-cf1e-45a8-aa70-03e4a467ffc7,Flexible Tipología,F,100,,100,0,train
aed606cd-8c2a-4599-9277-d22ef1e37562,Flexible Muro,F,100,,100,0,train
aeeec3a3-08cd-4f12-b901-500cb0a6c078,Flexible Tipología,F,75,,75,25,test
aef18db4-c2f5-4456-b258-64c4c7f695e5,Flexible Tipología,F,100,,100,0,train
af08f199-6bfe-41c5-952d-a847ecda9411,Rígido Losa,R,100,,0,100,train
afc7535c-d3ff-4e64-a03f-ae3bf35c2e67,Flexible Tipología,F,100,,100,0,train
afd3b1cf-17ba-4b6d-86b0-71a7c0489d64,Flexible Tipología,F,75,,75,25,train
b0b35c75-be4f-4ac7-b420-17b187c9cef4,Flexible Tipología,F,100,,100,0,train
b0de9404-75dd-432d-86c6-6636906cb1f3,Flexible Tipología,F,75,,75,25,test
b1acbb7d-d481-4ec4-9b85-b209801387fe,Rígido Viga,R,50,Flexible Tipología,50,50,train
b2cf3d69-e5de-43e4-aca8-cde622a77973,Flexible Tipología,F,75,,75,25,train
b3a8499b-b24c-48e1-ac25-cd554a530bc4,Rígido Losa,R,75,,25,75,train
b3b582b6-534f-4189-b597-2f8159274d81,Rígido Losa,R,75,,25,75,val
b4bd2ef6-694d-496f-81c6-0bcf34c94276,Rígido Plano,R,100,,0,100,test
b4cdc70a-7027-49bb-9d2e-c41d77319c30,Flexible Tipología,F,100,,100,0,val
b5e403c7-6c5f-4380-94bb-a74d206ade69,Flexible Tipología,F,75,,75,25,val
b6e4a678-77a4-4457-9878-7b925ef00a3e,Rígido Plano,R,50,Flexible Tipología,50,50,test
b6f81dff-283f-4547-816e-e09df93c8f97,Rígido Losa,R,100,,0,100,train
b7b0c15c-f7c7-4c18-96c1-3a4d2721acd0,Flexible Tipología,F,75,,75,25,train
b7cef194-e4c6-45dd-a3bd-ede758ef01ee,Rígido Plano,R,75,,25,75,train
b8db8f5d-fe66-41a5-8d44-91edac49c946,Rígido Plano,R,50,Flexible Tipología,50,50,val
b8e7bd86-1b48-454b-8d1c-477df86d81dd,Flexible Tipología,F,100,,100,0,train
b9c4035a-4f2c-43d3-8b48-5215800f13b3,Flexible Tipología,F,75,,75,25,val
b9d78a55-9072-48d2-a409-3678d17d9daf,Rígido Losa,R,100,,0,100,train
b9f3e9c5-6c58-4408-ab3f-64324b98bbe2,Rígido Losa,R,100,,0,100,val
b054ac3e-db29-463a-ab33-b15e7b997e80,Flexible Tipología,F,75,,75,25,train
b60a1429-a709-487f-8c94-d9deb8d1f08a,Rígido Losa,R,100,,0,100,train
b62cccb3-c9b9-4cf3-a51b-efd0aae16ff7,Rígido Losa,R,100,,0,100,train
b204fbd0-2f53-4ccc-baed-2ad137fc8a3c,Rígido Losa,R,100,,0,100,train
b342ea94-fbc3-41fe-824c-6a5cd3db4b27,Rígido Losa,R,75,,25,75,val
b662bc85-2048-4ad2-8b80-1a7feb87fb44,Rígido Losa,R,100,,0,100,val
b705b420-264a-4a71-83ae-0ee4cc8396cf,Rígido Losa,R,100,,0,100,train
b741fc48-ce94-459a-bc5f-2990e05b9b58,Flexible Tipología,F,100,,100,0,test
b916aeec-a4f8-45ca-97fd-c655eca41b14,Rígido Losa,R,100,,0,100,val
b977ca40-e1e9-469f-b8d0-ea73fdb6a52a,Flexible Muro,F,100,,100,0,test
b1077b21-d30d-474b-8d41-2b88f4601517,Flexible Muro,F,100,,100,0,train
b1727b90-79db-45d7-a907-71f05770f160,Rígido Plano,R,100,,0,100,train
b6875c56-ca9b-4532-bc08-a51fa1d1a3c5,Flexible Tipología,F,100,,100,0,train
b26018e7-97c8-4544-9747-a5ae3831cac3,Rígido Plano,R,75,,25,75,val
b89509e9-07ff-4ec1-8ae2-2241862c9eff,Flexible Muro,F,100,,100,0,test
b3769767-0ea3-470f-b1da-237e959e174e,Rígido Viga,R,50,Flexible Tipología,50,50,train
b5594562-b2f2-4e1f-8ba0-54737c35ac96,Rígido Losa,R,100,,0,100,train
b6192196-3e1e-4654-9448-a27b3fe025b0,Rígido Plano,R,75,,25,75,train
ba8798cf-b9f3-412a-b145-5913f7f220f6,Flexible Tipología,F,75,,75,25,val
babf9d94-735b-46d5-af43-85435873e303,Rígido Losa,R,100,,0,100,test
bb4e7dab-3443-4253-a890-d49fe98ff704,Flexible Tipología,F,75,,75,25,train
bb8e4bb7-cdeb-4a86-805c-ae593e57e6e7,Rígido Losa,R,100,,0,100,train
bb495fa6-08f2-4c20-bfbf-c699d393a3b6,Rígido Losa,R,100,,0,100,train
bbe2536c-28fe-4169-b561-bcdc07419720,Flexible Tipología,F,75,,75,25,test
bbf0db54-7a21-4cf3-b8e5-8f9f1593cefe,Flexible Tipología,F,75,,75,25,test
bc48c80a-4dfd-44a9-9304-d656f2376da0,Flexible Tipología,F,75,,75,25,train
bccaf316-100c-4b2a-a52d-57757cdff04f,Flexible Tipología,F,100,,100,0,train
bd595424-08c9-498e-a764-42177e80fe17,Rígido Plano,R,50,Flexible Tipología,50,50,train
bdbeaa4e-9de6-46de-8724-95230e011ee0,Flexible Tipología,F,75,,75,25,val
be480b5f-111a-4091-992b-4f87af7ff326,Rígido Plano,R,75,,25,75,test
becadba7-95df-44ef-b5af-54e836325b2c,Flexible Muro,F,100,,100,0,train
beddce74-bf7b-4e78-93c8-26eb440a1dda,Rígido Losa,R,100,,0,100,train
bee78266-768d-4ac6-9dad-d31e64387105,Flexible Tipología,F,100,,100,0,test
bef31e6d-5acc-4355-9932-f3d3bac5f667,Flexible Tipología,F,75,,75,25,val
befbd7f1-e1e5-4e8f-ba2d-cd0a2946aa71,Flexible Tipología,F,100,,100,0,test
bf0cd5bd-fa2a-4f72-8ba1-29d2a6f2380d,Rígido Losa,R,100,,0,100,train
bf7ca81e-354b-4da3-91a7-9b30062355a3,Rígido Viga,R,50,Flexible Tipología,50,50,train
bf917c89-de30-4dd4-8d23-00a449e9f2f7,Rígido Losa,R,100,,0,100,train
bf04672a-ffb4-487a-bcfc-96f6652e197d,Flexible Muro,F,100,,100,0,train
bf6399b5-0671-4173-a5a0-cba4b0c2f37d,Rígido Losa,R,100,,0,100,val
bfc0b23d-315c-4fe2-a499-60dd4bfaf301,Rígido Losa,R,100,,0,100,test
bfd1ebf4-31f5-4539-828e-a4b991cb5e98,Rígido Losa,R,100,,0,100,train
c0e45ce3-e548-4c6e-a410-9add2f966959,Rígido Plano,R,100,,0,100,val
c1a554f5-af6e-4dc9-8542-8ac4be0c674b,Flexible Tipología,F,75,,75,25,val
c1d127a2-a3ad-495e-b9b0-c0bd21c95990,Rígido Losa,R,100,,0,100,train
c2a3ff0f-2f61-421f-9e7e-7507b4124edd,Rígido Viga,R,75,,25,75,test
c4dc2710-7014-44e3-95ae-6f388ea511b4,Flexible Tipología,F,75,,75,25,val
c5b24f97-640f-4da8-949e-48b6dc774275,Flexible Tipología,F,100,,100,0,train
c5e12152-97ea-4c1d-8271-a523ed567627,Flexible Tipología,F,75,,75,25,train
c6bc7f64-1b04-4469-b47e-58993caa9a4d,Flexible Tipología,F,100,,100,0,train
c7a60a63-e421-4ebc-8987-00415de28736,Flexible Tipología,F,100,,100,0,train
c8b2786b-db73-4e60-bb83-85e41bba82db,Rígido Plano,R,100,,0,100,train
c8cc4eb2-5e6d-4ad8-9b76-f35fd311c14e,Flexible Tipología,F,75,,75,25,train
c9aceded-ae41-4918-8ba0-1ed7ebb82f00,Rígido Losa,R,100,,0,100,train
c9c16a3f-e2b5-4357-bba3-8916b0966f36,Flexible Tipología,F,75,,75,25,train
c24c286e-aa2f-4b0b-ae33-dadf31e9e61f,Rígido Plano,R,100,,0,100,train
c28d49a7-3016-44ed-82ec-5696e9c0b1f1,Rígido Plano,R,75,,25,75,val
c54e4000-aecc-4d91-ad57-7f1ec54a897f,Flexible Tipología,F,75,,75,25,train
c065ac56-49b9-42ba-9523-55218eedded8,Rígido Plano,R,100,,0,100,train
c81b1388-ca1f-49ea-a16b-a016e75deb6b,Flexible Tipología,F,75,,75,25,train
c91a7ea9-c779-47e8-839a-f4ea94359b3e,Rígido Plano,R,100,,0,100,train
c106ebea-d5b0-40ea-8364-b433c1441110,Rígido Losa,R,100,,0,100,train
c431ead9-8868-40c2-825b-944e0dfe5871,Rígido Losa,R,100,,0,100,train
c875a852-0f77-4c40-acfa-dd2cbe12ed46,Rígido Losa,R,75,,25,75,test
c922f672-7693-4a8a-8429-821d63356f99,Rígido Losa,R,100,,0,100,train
c942a294-c80b-49bb-b588-3112925c6427,Flexible Tipología,F,100,,100,0,train
c2770c45-a43e-4127-a539-84868ba3b80a,Flexible Tipología,F,75,,75,25,test
c3627e83-3ad1-45f4-a7c4-700ccaf9822d,Rígido Plano,R,75,,25,75,train
c47662c1-63ab-4f47-8788-f140cac5f4b0,Rígido Plano,R,75,,25,75,train
c65582d0-2450-44a6-b9e5-99277bb56788,Rígido Losa,R,100,,0,100,train
c67247d5-35bc-4453-bb12-3fce355f7fa4,Flexible Tipología,F,100,,100,0,val
c2167221-f1f9-407b-aae6-7f41e37dc197,Flexible Tipología,F,75,,75,25,train
c3035426-6dc5-4d4f-86d7-c66847030351,Flexible Tipología,F,75,,75,25,train
c3071130-e238-4767-a984-53e521bec095,Flexible Tipología,F,100,,100,0,train
c7199068-1368-46eb-9f50-75e0ae09c64a,Flexible Tipología,F,100,,100,0,train
ca4c5e6c-21ca-46b2-9545-1c19574a0085,Rígido Plano,R,100,,0,100,test
ca62cb69-1c0a-4df3-a11b-a293d1b61c65,Rígido Losa,R,100,,0,100,train
ca68f8e1-0a52-4907-8772-916d53369309,Flexible Tipología,F,75,,75,25,test
cabffa81-d3d2-47b2-b5c2-bd17a4e7326d,Flexible Tipología,F,100,,100,0,train
cae263c4-9b37-49b3-8078-af882c274200,Flexible Tipología,F,100,,100,0,train
cb4bc4ad-c093-4aaa-b1a3-c4f6b2231064,Flexible Tipología,F,75,,75,25,train
cb5f8e8b-ae20-4f48-9cb7-91599122e5e4,Flexible Tipología,F,100,,100,0,test
cb65108e-028f-4525-b0e6-a14084ca5fbd,Flexible Tipología,F,75,,75,25,train
cc0eb5f4-9c49-4f2d-8c26-f44ec0864e03,Flexible Tipología,F,75,,75,25,test
cc2f6cae-3efa-4e26-968c-0d7670338b1e,Rígido Losa,R,100,,0,100,val
cc84f9af-e632-45b8-bf1d-a6e6835342d4,Flexible Tipología,F,100,,100,0,train
ccebb57d-5a1b-49d2-9616-3dc1582a9394,Rígido Plano,R,75,,25,75,train
cd3d1a5c-edf2-403d-a1a4-99c59e387180,Flexible Muro,F,100,,100,0,test
cd8fea56-63d6-4754-85ff-374c4e1ff2cd,Rígido Losa,R,100,,0,100,val
cd9c5f9a-42d1-4110-9c9e-191cd6cb9391,Rígido Plano,R,75,,25,75,train
cd61d318-f37a-41c8-a2f9-4b3ba43062ab,Flexible Tipología,F,75,,75,25,train
cdb8e2a4-1def-4101-bed1-87c7a0e3a637,Flexible Tipología,F,75,,75,25,val
ce1bbc24-e832-4353-ba0c-dd2e020f6f43,Flexible Tipología,F,75,,75,25,train
ce3353fc-1ed4-426e-80b8-0958f017e4e0,Rígido Plano,R,100,,0,100,train
ce41629b-69ea-4041-8a11-1a85750b11e9,Rígido Plano,R,100,,0,100,test
cf1bc5d8-7124-4681-b3f9-a745cdea0b8a,Rígido Losa,R,100,,0,100,test
cf4441b0-c278-4aee-a028-27d0adcc16c5,Flexible Tipología,F,100,,100,0,train
cfcd0456-5d33-4bd5-85c1-1abe016331c2,Flexible Tipología,F,100,,100,0,train
d0de840f-e974-4c0d-a4fc-11ff500ff65a,Rígido Losa,R,100,,0,100,train
d0f80abe-7c73-4a53-8bb6-2978be4b4a2c,Flexible Tipología,F,75,,75,25,test
d0fb6631-cc1e-4331-a01d-9bfd04f9198c,Flexible Tipología,F,100,,100,0,train
d1f85fdf-3d54-4583-b65a-1a9393fa8e2b,Rígido Plano,R,75,,25,75,val
d2e7c11d-cde2-414c-963f-5a89f1109fa3,Flexible Tipología,F,100,,100,0,train
d3e62764-5c51-4e0a-9312-38c4290139a1,Flexible Tipología,F,75,,75,25,train
d3ef58bd-9335-495d-afea-a7209081695a,Flexible Tipología,F,100,,100,0,train
d3f6f828-8abe-4b9e-a0c9-613d3fc653af,Flexible Muro,F,100,,100,0,train
d4d986a9-59fe-4df6-8420-1a430a89bb69,Flexible Tipología,F,75,,75,25,test
d5da4f7f-788f-4031-b327-3ffe7edb5900,Flexible Tipología,F,75,,75,25,test
d5ee00bf-632f-4e38-af79-dd7763466ed8,Rígido Plano,R,50,Flexible Tipología,50,50,train
d5fe6de9-9b01-43b7-9bb5-4f1ac0c5aef3,Flexible Muro,F,100,,100,0,train
d06a2526-2b3b-4f8c-bdcc-ddad981458d7,Flexible Tipología,F,75,,75,25,train
d7b85745-34d7-4698-9e70-817c88d307fe,Rígido Plano,R,75,,25,75,train
d8a2c00d-ecb4-498e-b9df-ed0fef61059b,Rígido Plano,R,75,,25,75,train
d8d029ba-7daa-427e-8853-489217c4df78,Rígido Losa,R,100,,0,100,test
d8d229f3-f21f-4371-9ad6-2f4ea51e8936,Flexible Tipología,F,75,,75,25,test
d9cc2ad3-171c-453d-84bb-9ee2109a0788,Rígido Plano,R,75,,25,75,test
d10fb167-649b-4cbb-89fb-0b203febc2ef,Rígido Losa,R,100,,0,100,train
d11a7c5d-f3ca-4aa4-8218-b315aa7f5c27,Rígido Plano,R,50,Flexible Tipología,50,50,train
d12ad372-6d77-4695-85dd-ac53d6741d71,Rígido Losa,R,100,,0,100,train
d16e3753-822f-44db-a0d1-51194c55e644,Rígido Losa,R,100,,0,100,test
d64aec88-6cd3-4e2a-9052-a316cdec55bf,Flexible Tipología,F,75,,75,25,val
d72b02bf-d528-4488-900b-978754dd13ef,Flexible Tipología,F,75,,75,25,train
d083c5c6-5387-4f02-a285-58be20969b81,Flexible Tipología,F,100,,100,0,val
d99c0bd7-65e4-4e59-bb11-0d2abce288f4,Rígido Plano,R,50,Flexible Tipología,50,50,test
d99e2855-3acd-4aff-b45b-25dd662381e3,Flexible Tipología,F,75,,75,25,train
d99fb3da-b980-4b15-85fc-077d8f77fa76,Rígido Losa,R,75,,25,75,val
d222e5aa-8952-4b1f-89f1-7e04f6a3dc3e,Flexible Tipología,F,100,,100,0,val
d234fad1-99f0-47c4-9e62-2ede1897e739,Rígido Losa,R,100,,0,100,train
d255d1cf-9a0f-431c-9ba1-0ab4094c797f,Rígido Losa,R,100,,0,100,train
d820d57c-a9c9-442f-ad69-5a7694ca35e6,Flexible Tipología,F,75,,75,25,train
d56408ac-6d38-46f2-b023-21a98c6c8c25,Rígido Losa,R,100,,0,100,val
da3a497b-ad82-49ca-a8a8-301470fab3e3,Rígido Plano,R,75,,25,75,train
da92935d-07f4-496c-a519-303277fb42d2,Flexible Tipología,F,100,,100,0,train
dacf3f9f-9e91-4f9a-9731-1018fb7870dd,Flexible Tipología,F,100,,100,0,train
dade5adf-fb63-44d5-836b-5d0e8cb1afbd,Flexible Tipología,F,75,,75,25,train
daff6c14-7e6e-4429-8395-fb56b74b7132,Flexible Tipología,F,100,,100,0,test
db06fa98-cbbd-4c7b-b8ff-b0364ac85135,Flexible Tipología,F,100,,100,0,train
db9afb83-8457-4fe5-a737-28025244f1b8,Rígido Losa,R,100,,0,100,train
db847f56-67d5-42c3-8559-30baf2e9c414,Flexible Tipología,F,75,,75,25,test
dc5d5e72-0b3f-4cc9-9c62-dbea1987268b,Rígido Plano,R,75,,25,75,train
dc388641-cea2-4989-b6b3-59eca1d0f892,Flexible Muro,F,100,,100,0,test
dc864706-6dfb-4476-b5fb-6662ba22dd42,Flexible Tipología,F,100,,100,0,train
dcbb16d2-c332-4761-b4bd-e9470080279b,Rígido Losa,R,100,,0,100,test
dcf6f045-2ee2-4070-bef2-dc30555222b6,Flexible Tipología,F,75,,75,25,train
de3cc282-5c97-4033-ac45-0c5ff380342e,Rígido Plano,R,75,,25,75,val
de5b8a0e-a8d9-4ec6-b4e2-9680694a5be8,Flexible Tipología,F,100,,100,0,train
de34947c-55f3-420b-9108-3d8bda511c64,Rígido Plano,R,100,,0,100,train
df43eacc-cc4e-4943-8cb3-bfa8b8cd2f92,Rígido Plano,R,75,,25,75,test
df241c1c-ea4a-4a4e-b4df-dc741482217d,Flexible Tipología,F,100,,100,0,test
dffa76e4-e0a2-4186-9d12-f0f3e6c3cd65,Flexible Tipología,F,75,,75,25,train
e0f300bf-0df6-4da9-a531-9b4328ed3237,Flexible Tipología,F,100,,100,0,test
e1d53e52-87b3-4327-88ab-024cc0d4bae4,Flexible Tipología,F,100,,100,0,val
e1ead865-060a-4675-8004-e9589d8c1b7d,Flexible Tipología,F,100,,100,0,train
e3db6eb5-61b0-4b0d-a51d-07c93efa274d,Flexible Tipología,F,100,,100,0,test
e4bb70b3-b4ec-4890-b8fc-94e659390731,Flexible Muro,F,100,,100,0,train
e4e20f3f-c5d2-4e24-87f1-a7c4735f76ed,Flexible Tipología,F,100,,100,0,test
e4fb71c6-39ac-4cfb-9d41-02b59a3c795d,Flexible Muro,F,100,,100,0,train
e5b050d4-78c8-4562-85a8-e00dfebf8e8f,Flexible Tipología,F,75,,75,25,train
e6cd7c98-3acf-48c5-8f7d-d98521a56469,Flexible Tipología,F,75,,75,25,train
e6e8fd5f-3c08-4883-9d0f-95cf4feb8e47,Rígido Losa,R,100,,0,100,train
e6ec0fa4-599b-4d0e-9d94-ed8d2e70f5d5,Flexible Tipología,F,75,,75,25,train
e7bb3239-fa50-4360-a23a-e75207a908f4,Flexible Tipología,F,75,,75,25,test
e8a46ab9-06e8-4485-bbb6-63fdd94455eb,Rígido Losa,R,100,,0,100,train
e9ebf07f-9e88-4368-8b5c-010f278669e6,Rígido Plano,R,75,,25,75,test
e14fdc14-09f3-4f54-9cc7-26d0a02ab6f5,Flexible Tipología,F,100,,100,0,test
e25f9e32-6ac8-4482-a2ec-50dda840ae98,Rígido Losa,R,100,,0,100,train
e40a0023-ee29-4398-ac1d-3cb31b9eb9c5,Flexible Tipología,F,100,,100,0,train
e41b9a12-79bf-4639-9dd3-b2c43d9c8d58,Flexible Tipología,F,100,,100,0,train
e58a2ff4-ff0d-4e1f-8e6c-a4989e02f8e7,Flexible Tipología,F,100,,100,0,train
e58e2eb6-e8a0-47c4-b570-a9541861333d,Flexible Tipología,F,100,,100,0,val
e62dc066-b5f6-4391-9ac5-946d8a1840e8,Flexible Tipología,F,100,,100,0,train
e94ba30a-02ae-4e9a-9e9a-668aecdf3f64,Rígido Losa,R,100,,0,100,test
e122e057-ddc7-48ef-ad0a-a80642bd1c92,Flexible Tipología,F,75,,75,25,train
e247f47f-2f4c-4fdc-9c50-1e85694805c6,Flexible Tipología,F,100,,100,0,train
e535d66b-017c-4963-bf64-c188e5dc6993,Flexible Tipología,F,75,,75,25,val
e693a831-27f0-4a81-a82b-4ae849b391e6,Rígido Plano,R,50,Flexible Tipología,50,50,train
e04701f4-e743-4edc-8268-7917867c94fd,Flexible Tipología,F,100,,100,0,test
e7155d06-4cf8-4cee-9414-3e388e998a3c,Flexible Tipología,F,100,,100,0,test
e64514c3-54ac-4e2a-9223-ca50d1450d97,Flexible Tipología,F,75,,75,25,val
e2969995-aa60-43f1-bd43-54cb57887304,Rígido Losa,R,100,,0,100,val
e9921117-2678-4c56-9ebd-07927cd256b0,Flexible Tipología,F,75,,75,25,train
ea2f38ae-0c01-40ae-b214-813e6830aeb3,Rígido Losa,R,100,,0,100,test
ea4a8bcb-1342-46b0-a640-2fb2b25b0ce7,Rígido Losa,R,100,,0,100,val
ea314db5-1c86-482e-a70b-b9b95267ff84,Rígido Plano,R,75,,25,75,val
ea48614a-4ad2-4e70-98a4-c379bdbca6af,Flexible Tipología,F,75,,75,25,train
ea509616-2e71-44fb-8bec-fc28af8216f3,Rígido Plano,R,75,,25,75,train
eaa379a5-0600-4b79-8db7-679af52dc362,Flexible Tipología,F,75,,75,25,train
eb2f26a9-12ea-454f-8a03-512586490e9d,Flexible Muro,F,100,,100,0,train
ec22a8bf-47a9-4362-9914-c36f2b193ee1,Flexible Tipología,F,75,,75,25,train
ec91e9ba-9074-4892-ae20-895e27674408,Flexible Muro,F,100,,100,0,val
ec454b09-9f62-415a-8656-3d3112fb7120,Flexible Tipología,F,75,,75,25,val
ec731cd9-b614-4b15-84ee-4262bf4b733e,Flexible Tipología,F,100,,100,0,val
ec077774-81c0-489c-8523-1a4466b19ac4,Flexible Tipología,F,75,,75,25,train
ec86837f-1c66-47ec-8f75-1f02d05e5ed3,Flexible Tipología,F,100,,100,0,val
ecae5226-b63e-4875-90ce-e9cd288d6137,Flexible Tipología,F,100,,100,0,train
ed8dbb13-6205-4f6b-953b-521cbeaaa334,Rígido Plano,R,75,,25,75,val
ed137dd3-40d8-4799-b322-7596803e6de7,Flexible Tipología,F,100,,100,0,train
ed4648f7-b930-43d1-b2a4-d27447e0af17,Rígido Losa,R,100,,0,100,train
eda04bb7-1879-4c1d-a19c-0396b4043c5f,Flexible Tipología,F,100,,100,0,train
edee0fa3-7494-4e05-97f7-7f8571f06984,Flexible Tipología,F,100,,100,0,test
ee8a17c2-7cb0-4bb1-95a9-0f2de3459dbb,Flexible Tipología,F,100,,100,0,train
eec43680-97e3-4361-8da1-4ee3c02f9850,Flexible Tipología,F,50,Rígido Plano,50,50,val
eefc4f91-c52c-4190-b68e-f4154ea91e46,Flexible Muro,F,100,,100,0,train
ef1119dd-24bc-44fd-a5a3-e2d3240c9c7a,Rígido Losa,R,100,,0,100,val
ef3825ed-e1e8-4a14-8703-05f0eaeadef1,Flexible Tipología,F,100,,100,0,train
efb4c364-528a-4c4b-ad97-1a5c2fd64d1f,Flexible Tipología,F,100,,100,0,train
f00c79d7-8255-45e5-be03-45a1ef5c6dd8,Flexible Tipología,F,100,,100,0,train
f0bc9214-f507-47c0-831c-093d06e44d34,Flexible Tipología,F,100,,100,0,train
f0ddd37c-dcef-42a4-924a-c1d68ce9a84f,Flexible Tipología,F,100,,100,0,train
f0ea78e2-0cfd-4813-a39b-53ed9ad264f1,Rígido Plano,R,50,Flexible Tipología,50,50,train
f1e75f72-90c5-48f9-b77a-329e136449d6,Flexible Muro,F,100,,100,0,train
f1fe0ef6-b721-4adb-8d02-2ab72039e1fa,Flexible Tipología,F,75,,75,25,val
f02f1af4-1826-4bf2-9fd3-ac20f01a49ee,Flexible Muro,F,100,,100,0,train
f2c891be-b717-44e8-820e-584a2b11c56b,Flexible Tipología,F,100,,100,0,train
f2f705ec-5356-42eb-a449-6846059c6a85,Flexible Tipología,F,100,,100,0,train
f3db64e6-5f22-4b68-8a90-ca6b589faa2d,Flexible Tipología,F,100,,100,0,val
f3f657ec-4fad-4776-a34f-ab6b1d3c2dfc,Flexible Muro,F,100,,100,0,train
f4a2acf2-3875-474c-9c75-ecc74a73faf8,Flexible Tipología,F,100,,100,0,test
f4ff2311-9915-4e0f-8d03-436937e21d28,Flexible Tipología,F,100,,100,0,train
f5b646ae-a0cd-442e-9a97-5dbfad61bb4d,Rígido Losa,R,100,,0,100,val
f5bfc9d4-80bb-486f-853f-5a93f623c73f,Rígido Plano,R,75,,25,75,val
f5d4c403-b352-4a65-9b80-cb328ba66bed,Rígido Plano,R,75,,25,75,val
f5fd71a2-e4b5-4407-80af-cbc5d9f1b76b,Flexible Tipología,F,100,,100,0,val
f7d50fc7-4ba2-444b-a441-f107ba34b64c,Flexible Tipología,F,100,,100,0,val
f7eb768e-957b-4c78-8330-4763d9f4459e,Flexible Tipología,F,100,,100,0,train
f8a1ba0a-b774-432b-9137-db159988be9b,Rígido Plano,R,75,,25,75,val
f8b266d7-aa17-4350-9bf6-e7056c9f5768,Rígido Plano,R,75,,25,75,train
f8cda436-3648-402a-bf46-340f879184a2,Rígido Losa,R,100,,0,100,train
f26dd199-b83e-414f-b667-7ad0c83eba7b,Flexible Tipología,F,100,,100,0,test
f27aa78c-dcb7-4887-9cf3-355931de7fa8,Flexible Tipología,F,100,,100,0,train
f40c0dfb-dc09-44b0-bcc5-01a2cee24bd2,Rígido Losa,R,100,,0,100,test
f51c3878-968c-48ff-9c6a-2fce104051fa,Rígido Losa,R,100,,0,100,test
f58e7b02-5f36-40b2-867e-7c523db676b4,Rígido Plano,R,75,,25,75,test
f64c8275-5eab-4fdc-a742-3b717fbf3e40,Flexible Tipología,F,75,,75,25,train
f67e9509-ea7a-4ca7-b263-91a1fdd165f1,Flexible Tipología,F,100,,100,0,test
f73b883a-a911-4ae2-b35f-96009f7d0d09,Flexible Tipología,F,100,,100,0,train
f73e27af-2e0a-43c3-8c67-8218ff78b199,Rígido Losa,R,75,,25,75,test
f530d2ba-1f9f-4ec2-84e2-cff4c775a16a,Flexible Tipología,F,100,,100,0,test
f758d257-62db-43c6-8df4-7d7e7521889a,Flexible Tipología,F,100,,100,0,train
f0995e35-4655-48b7-a1b4-728ba7c86220,Flexible Tipología,F,75,,75,25,train
f7691ee6-5462-41ab-b6f2-b5921cbdf381,Flexible Tipología,F,100,,100,0,train
f08338db-551c-4588-a2fe-8a57168f623b,Rígido Plano,R,75,,25,75,train
f27814cb-85a7-463a-9ab0-8bb48eddfa57,Rígido Viga,R,50,Flexible Tipología,50,50,val
f875748b-f819-4a07-9fde-d46e8b2329a1,Rígido Losa,R,100,,0,100,test
f8697206-5672-4316-9d78-944d08f49f42,Rígido Plano,R,75,,25,75,test
fa9b2fd8-7db4-4b3e-8178-dfcff83ff434,Rígido Plano,R,75,,25,75,val
fa25bb5e-2bdd-4ab7-9826-8e8133365c65,Flexible Tipología,F,100,,100,0,train
faa49e0c-839e-4b6e-b5ac-d8733e093af7,Flexible Muro,F,100,,100,0,train
fb8715c1-0173-400c-a761-1dd50f18fcef,Flexible Muro,F,100,,100,0,train
fb418431-23f4-4ff9-bd5e-264e81a5f108,Flexible Tipología,F,100,,100,0,val
fbc775e1-597d-4657-b5a6-ede302c024d2,Rígido Losa,R,100,,0,100,train
fc7d5e81-1bd5-42f5-b1ea-c707a956197b,Flexible Tipología,F,100,,100,0,test
fc32adfc-3b49-4489-af31-a11d97b2f2e3,Flexible Tipología,F,100,,100,0,train
fc09684d-54c4-4fe4-bda2-eca2539c1f7c,Rígido Plano,R,50,Flexible Tipología,50,50,train
fc15709e-ada7-4719-afa7-3b77d65f7620,Rígido Losa,R,100,,0,100,val
fca0d000-a789-41aa-a17e-4d9e49408a14,Flexible Tipología,F,75,,75,25,train
fca47fc4-39db-4ff5-aa70-4a821378986b,Rígido Losa,R,100,,0,100,train
fce23cc1-19ea-4d09-93ca-e9f15f392078,Flexible Tipología,F,100,,100,0,train
fcef97d9-ff75-4e08-bd02-6b9e1e7221c8,Flexible Tipología,F,100,,100,0,train
fd7b9651-964c-4bbe-9a56-fe6850a7e527,Flexible Tipología,F,75,,75,25,train
fda32a0d-02be-4cee-8912-22f1798c5412,Flexible Tipología,F,100,,100,0,train
fdafd742-e93e-41cc-b458-fa0bd941f375,Flexible Tipología,F,100,,100,0,train
fdf43941-a1f5-4ff8-b097-41ab4b19652e,Flexible Tipología,F,100,,100,0,val
fe3e790a-97ef-4aae-bdae-b0e7e4f5afdb,Flexible Tipología,F,75,,75,25,test
fe67f1b4-fb47-4e24-99c9-f3a29b0c79f2,Rígido Losa,R,100,,0,100,test
fe93f5c0-5157-4d16-8e75-022d521e241f,Rígido Losa,R,100,,0,100,train
fea9b4db-1958-4918-b06e-81b3f48de468,Flexible Tipología,F,100,,100,0,train
fef6fc1b-720a-4ae6-904a-a4baabbd5e5f,Rígido Plano,R,75,,25,75,test
ff9dcf9c-e818-4a98-9778-99e89e896ce3,Flexible Tipología,F,100,,100,0,val
ff56ebbf-6b55-4f31-a27c-64ad0ba1da88,Flexible Tipología,F,75,,75,25,train
ff357da9-732c-43f5-a0ef-07a491b055e7,Flexible Tipología,F,100,,100,0,train
ff496fe4-1be2-47eb-a0e9-512a9b609828,Rígido Plano,R,75,,25,75,train
id_74,Flexible Tipología,F,100,,100,0,train
id_81,Rígido Losa,R,100,,0,100,val
id_88,Rígido Losa,R,100,,0,100,test
id_89,Flexible Tipología,F,100,,100,0,train
id_96,Flexible Tipología,F,100,,100,0,val
id_97,Flexible Tipología,F,75,,75,25,test
id_98,Flexible Tipología,F,100,,100,0,test
id_101,Flexible Tipología,F,100,,100,0,train
id_111,Flexible Tipología,F,100,,100,0,test
id_117,Flexible Tipología,F,100,,100,0,val
id_119,Rígido Losa,R,100,,0,100,train
id_121,Flexible Tipología,F,100,,100,0,train
id_122,Flexible Muro,F,100,,100,0,train
id_134,Flexible Tipología,F,100,,100,0,train
id_137,Flexible Muro,F,100,,100,0,val
id_148,Rígido Losa,R,100,,0,100,train
id_188,Rígido Losa,R,100,,0,100,train
id_218,Flexible Muro,F,100,,100,0,train
id_333,Flexible Muro,F,100,,100,0,train
id_334,Flexible Tipología,F,75,,75,25,test
id_345,Flexible Tipología,F,75,,75,25,train
id_346,Flexible Muro,F,100,,100,0,test
id_348,Flexible Tipología,F,100,,100,0,train
id_349,Flexible Tipología,F,75,,75,25,test
id_363,Flexible Muro,F,100,,100,0,train
id_364,Flexible Tipología,F,100,,100,0,test
id_368,Rígido Losa,R,50,Flexible Tipología,50,50,train
id_370,Flexible Tipología,F,100,,100,0,train
id_403,Rígido Losa,R,100,,0,100,test
id_431,Flexible Muro,F,100,,100,0,train
id_432,Flexible Tipología,F,100,,100,0,train
id_434,Flexible Muro,F,100,,100,0,train
id_439,Flexible Tipología,F,100,,100,0,test
id_455,Flexible Tipología,F,100,,100,0,test
id_456,Rígido Losa,R,100,,0,100,train
id_457,Flexible Muro,F,100,,100,0,val
id_469,Flexible Tipología,F,100,,100,0,test
id_471,Flexible Tipología,F,100,,100,0,test
id_472,Flexible Tipología,F,100,,100,0,val
id_484,Flexible Tipología,F,75,,75,25,test
id_485,Flexible Tipología,F,75,,75,25,train
id_486,Flexible Tipología,F,100,,100,0,test
id_516,Rígido Losa,R,100,,0,100,train
id_518,Flexible Tipología,F,75,,75,25,train
id_522,Flexible Tipología,F,75,,75,25,train
id_523,Flexible Tipología,F,75,,75,25,val
id_524,Rígido Plano,R,100,,0,100,train
id_525,Flexible Tipología,F,75,,75,25,val
id_526,Flexible Tipología,F,100,,100,0,train
id_528,Flexible Tipología,F,100,,100,0,train
id_530,Flexible Tipología,F,100,,100,0,train
id_539,Flexible Muro,F,100,,100,0,test
id_541,Flexible Muro,F,100,,100,0,val
id_553,Flexible Tipología,F,100,,100,0,val
id_554,Flexible Tipología,F,75,,75,25,test
id_559,Flexible Tipología,F,100,,100,0,train
id_562,Flexible Tipología,F,100,,100,0,train
id_563,Flexible Tipología,F,100,,100,0,train
id_565,Rígido Losa,R,100,,0,100,train
id_569,Flexible Muro,F,100,,100,0,train
id_583,Flexible Muro,F,100,,100,0,train
id_587,Rígido Losa,R,100,,0,100,train
id_589,Rígido Losa,R,100,,0,100,train
id_590,Flexible Tipología,F,100,,100,0,train
id_596,Flexible Muro,F,100,,100,0,train
id_597,Flexible Tipología,F,100,,100,0,val
id_599,Flexible Muro,F,100,,100,0,train
id_604,Flexible Tipología,F,100,,100,0,test
id_615,Flexible Muro,F,100,,100,0,train
id_684,Rígido Losa,R,100,,0,100,test
id_731,Rígido Plano,R,100,,0,100,val
id_738,Flexible Tipología,F,100,,100,0,train
id_739,Flexible Tipología,F,100,,100,0,train
id_864,Flexible Tipología,F,100,,100,0,train
id_905,Flexible Muro,F,100,,100,0,train
id_922,Rígido Losa,R,100,,0,100,train
id_950,Flexible Muro,F,75,,75,25,val
id_997,Rígido Losa,R,100,,0,100,val
id_1001,Flexible Muro,F,100,,100,0,train
id_1011,Flexible Tipología,F,75,,75,25,train
id_1024,Rígido Losa,R,100,,0,100,val
id_1029,Flexible Tipología,F,75,,75,25,train
id_1034,Flexible Muro,F,100,,100,0,val
id_1051,Flexible Muro,F,100,,100,0,val
id_1053,Flexible Muro,F,100,,100,0,train
id_1101,Flexible Tipología,F,100,,100,0,train
id_1112,Flexible Tipología,F,100,,100,0,train
id_1125,Rígido Losa,R,100,,0,100,val
id_1132,Rígido Losa,R,100,,0,100,val
id_1178,Rígido Losa,R,100,,0,100,train
id_1184,Flexible Tipología,F,100,,100,0,test
id_1188,Flexible Tipología,F,75,,75,25,train
id_1189,Flexible Tipología,F,75,,75,25,test
id_1190,Flexible Tipología,F,75,,75,25,test
id_1195,Flexible Tipología,F,100,,100,0,val
id_1199,Rígido Losa,R,100,,0,100,val
id_1209,Rígido Losa,R,100,,0,100,test
id_1214,Flexible Muro,F,75,,75,25,train
id_1225,Flexible Tipología,F,75,,75,25,train
id_1226,Flexible Tipología,F,75,,75,25,val
id_1236,Rígido Losa,R,100,,0,100,train
id_1251,Flexible Tipología,F,100,,100,0,test
id_1252,Flexible Tipología,F,100,,100,0,train
id_1253,Flexible Tipología,F,100,,100,0,val
id_1254,Flexible Muro,F,100,,100,0,test
id_1255,Flexible Tipología,F,100,,100,0,train
id_1261,Flexible Tipología,F,100,,100,0,train
id_1262,Flexible Tipología,F,100,,100,0,train
id_1266,Flexible Tipología,F,75,,75,25,train
id_1268,Flexible Tipología,F,75,,75,25,train
id_1271,Flexible Muro,F,100,,100,0,train
id_1276,Flexible Tipología,F,100,,100,0,train
id_1286,Flexible Muro,F,100,,100,0,train
id_1292,Flexible Tipología,F,100,,100,0,val
id_1312,Flexible Tipología,F,100,,100,0,test
id_1315,Flexible Tipología,F,100,,100,0,train
id_1316,Flexible Tipología,F,100,,100,0,val
id_1325,Flexible Tipología,F,100,,100,0,train
id_1339,Flexible Tipología,F,75,,75,25,test
id_1346,Flexible Tipología,F,100,,100,0,train
id_1352,Rígido Losa,R,100,,0,100,train
id_1353,Flexible Tipología,F,100,,100,0,train
id_1354,Flexible Tipología,F,75,,75,25,train
id_1364,Flexible Tipología,F,75,,75,25,test
id_1365,Flexible Tipología,F,75,,75,25,train
id_1373,Flexible Tipología,F,75,,75,25,test
id_1374,Rígido Losa,R,100,,0,100,train
id_1380,Flexible Tipología,F,100,,100,0,val
id_1391,Flexible Tipología,F,100,,100,0,train
id_1407,Flexible Tipología,F,100,,100,0,test
id_1410,Flexible Muro,F,100,,100,0,train
id_1412,Flexible Tipología,F,100,,100,0,train
id_1413,Flexible Tipología,F,75,,75,25,val
id_1442,Flexible Tipología,F,75,,75,25,train
id_1451,Flexible Muro,F,100,,100,0,train
id_1454,Rígido Losa,R,100,,0,100,train
id_1456,Flexible Muro,F,100,,100,0,val
id_1458,Flexible Tipología,F,100,,100,0,train
id_1464,Flexible Tipología,F,100,,100,0,train
id_1465,Flexible Tipología,F,75,,75,25,val
id_1467,Flexible Tipología,F,100,,100,0,train
id_1472,Rígido Plano,R,75,,25,75,train
id_1474,Flexible Tipología,F,100,,100,0,train
id_1482,Rígido Losa,R,100,,0,100,val
id_1492,Flexible Tipología,F,100,,100,0,train
id_1505,Flexible Tipología,F,75,,75,25,train
id_1507,Flexible Muro,F,100,,100,0,test
id_1518,Flexible Tipología,F,75,,75,25,train
id_1529,Rígido Losa,R,100,,0,100,train
id_1679,Flexible Tipología,F,75,,75,25,val
id_1687,Flexible Tipología,F,100,,100,0,test
id_1688,Flexible Muro,F,100,,100,0,train
id_1690,Flexible Muro,F,100,,100,0,val
id_1691,Flexible Tipología,F,100,,100,0,test
id_1694,Flexible Tipología,F,75,,75,25,test
id_1696,Flexible Tipología,F,75,,75,25,test
id_1698,Rígido Plano,R,50,Flexible Tipología,50,50,train
id_1699,Rígido Plano,R,50,Flexible Tipología,50,50,train
id_1700,Rígido Losa,R,100,,0,100,train
id_1706,Rígido Plano,R,50,Flexible Tipología,50,50,val
id_1708,Rígido Plano,R,50,Flexible Tipología,50,50,test
id_1715,Rígido Losa,R,100,,0,100,train
id_1726,Rígido Plano,R,75,,25,75,test
id_1733,Rígido Plano,R,75,,25,75,test
id_1739,Flexible Tipología,F,100,,100,0,train
id_1742,Rígido Losa,R,100,,0,100,val
id_1743,Flexible Tipología,F,75,,75,25,train
id_1751,Flexible Tipología,F,50,Rígido Plano,50,50,train
id_1752,Flexible Tipología,F,100,,100,0,train
id_1753,Flexible Tipología,F,100,,100,0,train
id_1758,Flexible Tipología,F,100,,100,0,val
id_1771,Flexible Tipología,F,50,Rígido Plano,50,50,val
id_1778,Flexible Tipología,F,100,,100,0,train
id_1782,Flexible Tipología,F,50,Rígido Plano,50,50,train
id_1783,Rígido Losa,R,100,,0,100,test
id_1788,Flexible Tipología,F,100,,100,0,train
id_1794,Flexible Tipología,F,75,,75,25,train
id_1798,Flexible Tipología,F,75,,75,25,train
id_1800,Rígido Losa,R,100,,0,100,train
id_1828,Rígido Losa,R,100,,0,100,train
id_2071,Rígido Losa,R,100,,0,100,train
id_2074,Flexible Tipología,F,100,,100,0,train
id_2077,Flexible Tipología,F,100,,100,0,train
id_2078,Flexible Tipología,F,100,,100,0,train
id_2079,Flexible Tipología,F,100,,100,0,test
id_2080,Flexible Tipología,F,100,,100,0,train
id_2083,Rígido Plano,R,75,,25,75,test
id_2084,Flexible Tipología,F,75,,75,25,train
id_2085,Flexible Tipología,F,50,Rígido Plano,50,50,val
id_2093,Flexible Tipología,F,75,,75,25,val
id_2095,Flexible Tipología,F,100,,100,0,train
id_2096,Flexible Tipología,F,100,,100,0,train
id_2110,Flexible Muro,F,100,,100,0,train
id_2118,Flexible Tipología,F,100,,100,0,train
id_2119,Flexible Tipología,F,100,,100,0,train
id_2120,Flexible Tipología,F,100,,100,0,val
id_2121,Flexible Tipología,F,100,,100,0,train
id_2122,Rígido Losa,R,75,,25,75,train
id_2123,Flexible Tipología,F,100,,100,0,train
id_2127,Flexible Tipología,F,100,,100,0,train
id_2132,Flexible Tipología,F,100,,100,0,train
id_2760,Flexible Tipología,F,75,,75,25,train
id_2761,Flexible Tipología,F,100,,100,0,train
id_2762,Flexible Tipología,F,100,,100,0,val
id_2764,Flexible Tipología,F,100,,100,0,test
id_2765,Flexible Tipología,F,100,,100,0,train
id_2766,Rígido Plano,R,50,Flexible Tipología,50,50,train
id_2767,Flexible Tipología,F,75,,75,25,val
id_2775,Flexible Tipología,F,100,,100,0,val
id_2776,Rígido Losa,R,100,,0,100,train
id_2780,Rígido Losa,R,100,,0,100,train
id_2781,Rígido Losa,R,100,,0,100,train
id_2802,Flexible Tipología,F,100,,100,0,train
id_2803,Flexible Tipología,F,100,,100,0,val
id_2818,Rígido Losa,R,100,,0,100,train
id_2848,Flexible Muro,F,100,,100,0,train
id_2856,Flexible Tipología,F,100,,100,0,train
id_3696,Flexible Tipología,F,100,,100,0,train
